dataset,regime,method,robot,blind,rmse_xy,mean_xy,median_xy,p95_xy,max_xy,rmse_theta,final_xy,n_scored,n_masked,messages_sent_total,candidates_total,fused_total,gated_total,declined_total,messages_sent_robot,candidates_robot,duration_s,family,setting,value,seed
1,full_map,EKF cooperative,1,False,0.1859986426193207,0.1386710116566107,0.09898707839344827,0.4273223635460798,0.7726173766199086,0.11739109142383684,0.06503801993039152,74953,47,6453,6453,2832,4,3617,952,952,1500.0,drop,p=0,0.0,0
1,full_map,EKF cooperative,2,False,0.15089795911352838,0.1259525582115239,0.10998260942480233,0.280932245059409,0.5772448236547119,0.08486932254756081,0.1195139372358159,75000,0,6453,6453,2832,4,3617,1156,1156,1500.0,drop,p=0,0.0,0
1,full_map,EKF cooperative,3,False,0.1822838725134409,0.13435845121526624,0.10342126925154801,0.3544113574291005,0.9772778585875844,0.07760288717953674,0.8012751494605268,75000,0,6453,6453,2832,4,3617,1969,1969,1500.0,drop,p=0,0.0,0
1,full_map,EKF cooperative,4,False,0.24153504448513588,0.19364342331741177,0.14966856078047805,0.4246231886390324,0.953768983799364,0.12534042620292984,0.39783639738707893,74931,69,6453,6453,2832,4,3617,722,722,1500.0,drop,p=0,0.0,0
1,full_map,EKF cooperative,5,False,0.19005193802149753,0.15005336311564135,0.11971276345203663,0.3908685659516165,0.9240794803993562,0.08669100836521308,0.02874414616896744,75000,0,6453,6453,2832,4,3617,1654,1654,1500.0,drop,p=0,0.0,0
1,full_map,EKF cooperative,1,False,0.1859986426193207,0.1386710116566107,0.09898707839344827,0.4273223635460798,0.7726173766199086,0.11739109142383684,0.06503801993039152,74953,47,6453,6453,2832,4,3617,952,952,1500.0,drop,p=0,0.0,1
1,full_map,EKF cooperative,2,False,0.15089795911352838,0.1259525582115239,0.10998260942480233,0.280932245059409,0.5772448236547119,0.08486932254756081,0.1195139372358159,75000,0,6453,6453,2832,4,3617,1156,1156,1500.0,drop,p=0,0.0,1
1,full_map,EKF cooperative,3,False,0.1822838725134409,0.13435845121526624,0.10342126925154801,0.3544113574291005,0.9772778585875844,0.07760288717953674,0.8012751494605268,75000,0,6453,6453,2832,4,3617,1969,1969,1500.0,drop,p=0,0.0,1
1,full_map,EKF cooperative,4,False,0.24153504448513588,0.19364342331741177,0.14966856078047805,0.4246231886390324,0.953768983799364,0.12534042620292984,0.39783639738707893,74931,69,6453,6453,2832,4,3617,722,722,1500.0,drop,p=0,0.0,1
1,full_map,EKF cooperative,5,False,0.19005193802149753,0.15005336311564135,0.11971276345203663,0.3908685659516165,0.9240794803993562,0.08669100836521308,0.02874414616896744,75000,0,6453,6453,2832,4,3617,1654,1654,1500.0,drop,p=0,0.0,1
1,full_map,EKF cooperative,1,False,0.1859986426193207,0.1386710116566107,0.09898707839344827,0.4273223635460798,0.7726173766199086,0.11739109142383684,0.06503801993039152,74953,47,6453,6453,2832,4,3617,952,952,1500.0,drop,p=0,0.0,2
1,full_map,EKF cooperative,2,False,0.15089795911352838,0.1259525582115239,0.10998260942480233,0.280932245059409,0.5772448236547119,0.08486932254756081,0.1195139372358159,75000,0,6453,6453,2832,4,3617,1156,1156,1500.0,drop,p=0,0.0,2
1,full_map,EKF cooperative,3,False,0.1822838725134409,0.13435845121526624,0.10342126925154801,0.3544113574291005,0.9772778585875844,0.07760288717953674,0.8012751494605268,75000,0,6453,6453,2832,4,3617,1969,1969,1500.0,drop,p=0,0.0,2
1,full_map,EKF cooperative,4,False,0.24153504448513588,0.19364342331741177,0.14966856078047805,0.4246231886390324,0.953768983799364,0.12534042620292984,0.39783639738707893,74931,69,6453,6453,2832,4,3617,722,722,1500.0,drop,p=0,0.0,2
1,full_map,EKF cooperative,5,False,0.19005193802149753,0.15005336311564135,0.11971276345203663,0.3908685659516165,0.9240794803993562,0.08669100836521308,0.02874414616896744,75000,0,6453,6453,2832,4,3617,1654,1654,1500.0,drop,p=0,0.0,2
1,full_map,EKF cooperative,1,False,0.1859986426193207,0.1386710116566107,0.09898707839344827,0.4273223635460798,0.7726173766199086,0.11739109142383684,0.06503801993039152,74953,47,6453,6453,2832,4,3617,952,952,1500.0,drop,p=0,0.0,3
1,full_map,EKF cooperative,2,False,0.15089795911352838,0.1259525582115239,0.10998260942480233,0.280932245059409,0.5772448236547119,0.08486932254756081,0.1195139372358159,75000,0,6453,6453,2832,4,3617,1156,1156,1500.0,drop,p=0,0.0,3
1,full_map,EKF cooperative,3,False,0.1822838725134409,0.13435845121526624,0.10342126925154801,0.3544113574291005,0.9772778585875844,0.07760288717953674,0.8012751494605268,75000,0,6453,6453,2832,4,3617,1969,1969,1500.0,drop,p=0,0.0,3
1,full_map,EKF cooperative,4,False,0.24153504448513588,0.19364342331741177,0.14966856078047805,0.4246231886390324,0.953768983799364,0.12534042620292984,0.39783639738707893,74931,69,6453,6453,2832,4,3617,722,722,1500.0,drop,p=0,0.0,3
1,full_map,EKF cooperative,5,False,0.19005193802149753,0.15005336311564135,0.11971276345203663,0.3908685659516165,0.9240794803993562,0.08669100836521308,0.02874414616896744,75000,0,6453,6453,2832,4,3617,1654,1654,1500.0,drop,p=0,0.0,3
1,full_map,EKF cooperative,1,False,0.1859986426193207,0.1386710116566107,0.09898707839344827,0.4273223635460798,0.7726173766199086,0.11739109142383684,0.06503801993039152,74953,47,6453,6453,2832,4,3617,952,952,1500.0,drop,p=0,0.0,4
1,full_map,EKF cooperative,2,False,0.15089795911352838,0.1259525582115239,0.10998260942480233,0.280932245059409,0.5772448236547119,0.08486932254756081,0.1195139372358159,75000,0,6453,6453,2832,4,3617,1156,1156,1500.0,drop,p=0,0.0,4
1,full_map,EKF cooperative,3,False,0.1822838725134409,0.13435845121526624,0.10342126925154801,0.3544113574291005,0.9772778585875844,0.07760288717953674,0.8012751494605268,75000,0,6453,6453,2832,4,3617,1969,1969,1500.0,drop,p=0,0.0,4
1,full_map,EKF cooperative,4,False,0.24153504448513588,0.19364342331741177,0.14966856078047805,0.4246231886390324,0.953768983799364,0.12534042620292984,0.39783639738707893,74931,69,6453,6453,2832,4,3617,722,722,1500.0,drop,p=0,0.0,4
1,full_map,EKF cooperative,5,False,0.19005193802149753,0.15005336311564135,0.11971276345203663,0.3908685659516165,0.9240794803993562,0.08669100836521308,0.02874414616896744,75000,0,6453,6453,2832,4,3617,1654,1654,1500.0,drop,p=0,0.0,4
1,full_map,EKF cooperative,1,False,0.18593525569851993,0.13849949630061167,0.09866727663498376,0.42815980066841647,0.7726165266319033,0.11755828789722071,0.06542966192112569,74953,47,4802,6453,2234,4,2564,719,952,1500.0,drop,p=0.25,0.25,0
1,full_map,EKF cooperative,2,False,0.1496908246363284,0.12440713092112424,0.10843068080520968,0.2792644539869248,0.5774727912833152,0.0846239160919967,0.11570053943256522,75000,0,4802,6453,2234,4,2564,892,1156,1500.0,drop,p=0.25,0.25,0
1,full_map,EKF cooperative,3,False,0.18253315245456575,0.13499426439949788,0.10310707177176545,0.3540984207308515,0.9569583729163391,0.07777117925694813,0.8192544269254917,75000,0,4802,6453,2234,4,2564,1437,1969,1500.0,drop,p=0.25,0.25,0
1,full_map,EKF cooperative,4,False,0.2449720842141221,0.1942411608766911,0.1477344027586389,0.41166842260963354,1.0403723251424766,0.12827640157278458,0.3966630707356535,74931,69,4802,6453,2234,4,2564,514,722,1500.0,drop,p=0.25,0.25,0
1,full_map,EKF cooperative,5,False,0.18932559947983685,0.14945107076460182,0.11871161350717163,0.38944615817792055,0.9238082933621529,0.08728907199670363,0.028736479507520393,75000,0,4802,6453,2234,4,2564,1240,1654,1500.0,drop,p=0.25,0.25,0
1,full_map,EKF cooperative,1,False,0.18624256013862123,0.13884213015761976,0.09899211068220283,0.4281895466351967,0.7726135012894596,0.11739785733633892,0.06628362200170561,74953,47,4855,6453,2261,4,2590,715,952,1500.0,drop,p=0.25,0.25,1
1,full_map,EKF cooperative,2,False,0.14992620036708196,0.12465652032206015,0.10829870021001625,0.27924300024934356,0.5772376401740649,0.0846789443281835,0.11626235699893309,75000,0,4855,6453,2261,4,2590,864,1156,1500.0,drop,p=0.25,0.25,1
1,full_map,EKF cooperative,3,False,0.15769739827232607,0.1261806802043872,0.10387139381763891,0.30850377334185347,0.7647582447903024,0.07527944602712712,0.17191068435269427,75000,0,4855,6453,2261,4,2590,1475,1969,1500.0,drop,p=0.25,0.25,1
1,full_map,EKF cooperative,4,False,0.23773628922723708,0.1901851579138293,0.14780239478541563,0.40576512128305176,0.9440829658020727,0.12438563028944802,0.3959857589531151,74931,69,4855,6453,2261,4,2590,522,722,1500.0,drop,p=0.25,0.25,1
1,full_map,EKF cooperative,5,False,0.18964426272641421,0.14942980828413197,0.1184311576247945,0.3906677332320014,0.9236893248447643,0.08755051089422414,0.028761550718909464,75000,0,4855,6453,2261,4,2590,1279,1654,1500.0,drop,p=0.25,0.25,1
1,full_map,EKF cooperative,1,False,0.18630622191425794,0.1389478079952731,0.09914781619355022,0.4289019533280004,0.772615365153187,0.11733949289064445,0.06620374683570521,74953,47,4818,6453,2195,4,2619,708,952,1500.0,drop,p=0.25,0.25,2
1,full_map,EKF cooperative,2,False,0.1506133651247642,0.1254321057316155,0.10956323714788056,0.28125084210006,0.5772209303435105,0.08493890587690318,0.11538962102731809,75000,0,4818,6453,2195,4,2619,875,1156,1500.0,drop,p=0.25,0.25,2
1,full_map,EKF cooperative,3,False,0.1546468225509108,0.12342523246980587,0.10133550699464697,0.29803322525745607,0.7647576094234507,0.07468836577348907,0.16859529026620582,75000,0,4818,6453,2195,4,2619,1478,1969,1500.0,drop,p=0.25,0.25,2
1,full_map,EKF cooperative,4,False,0.2404866763124433,0.1925515402813547,0.14971510605832172,0.42137569967420124,0.9432381702805541,0.12390313003601647,0.3969614641239992,74931,69,4818,6453,2195,4,2619,540,722,1500.0,drop,p=0.25,0.25,2
1,full_map,EKF cooperative,5,False,0.1890144852958955,0.1491054294614259,0.11788244078553911,0.3843588968933237,0.9286187079898184,0.08711690174489041,0.02874851617743669,75000,0,4818,6453,2195,4,2619,1217,1654,1500.0,drop,p=0.25,0.25,2
1,full_map,EKF cooperative,1,False,0.18610547157972163,0.13887980433100422,0.09901289916365573,0.42515575764619545,0.7726128803447238,0.11767223023316414,0.06349266050640372,74953,47,4788,6453,2182,3,2603,695,952,1500.0,drop,p=0.25,0.25,3
1,full_map,EKF cooperative,2,False,0.1510877386437833,0.12548320993282303,0.10957036139324519,0.2832212855387152,0.5774775607556228,0.08511024426931707,0.11645869578281956,75000,0,4788,6453,2182,3,2603,862,1156,1500.0,drop,p=0.25,0.25,3
1,full_map,EKF cooperative,3,False,0.1557723231952813,0.12478631671899798,0.10363754666190812,0.2999790174128793,0.7647575737635441,0.07521492669228134,0.17528531918833104,75000,0,4788,6453,2182,3,2603,1445,1969,1500.0,drop,p=0.25,0.25,3
1,full_map,EKF cooperative,4,False,0.2386257423376311,0.19087188067153593,0.1490743100511885,0.41819179852048494,0.942026105494787,0.12379979831737391,0.39733048290900674,74931,69,4788,6453,2182,3,2603,542,722,1500.0,drop,p=0.25,0.25,3
1,full_map,EKF cooperative,5,False,0.188779292195469,0.14928864712260467,0.11943979468148189,0.3832790133531587,0.9239568827682313,0.08725437950041613,0.028765435903243253,75000,0,4788,6453,2182,3,2603,1244,1654,1500.0,drop,p=0.25,0.25,3
1,full_map,EKF cooperative,1,False,0.18591599267800046,0.1387410604800122,0.09867409824555602,0.4255573973567662,0.7726097612676803,0.11740211569992044,0.06614172011469853,74953,47,4845,6453,2226,4,2615,712,952,1500.0,drop,p=0.25,0.25,4
1,full_map,EKF cooperative,2,False,0.14977149640880386,0.12435055218875958,0.10851945688175088,0.28012862016299817,0.5773453878217262,0.08473946613700313,0.11735436887936838,75000,0,4845,6453,2226,4,2615,880,1156,1500.0,drop,p=0.25,0.25,4
1,full_map,EKF cooperative,3,False,0.15518802206417281,0.12407849140548441,0.10294479845892823,0.2990282596522416,0.7647582097066429,0.07510581675967658,0.16497127452459476,75000,0,4845,6453,2226,4,2615,1514,1969,1500.0,drop,p=0.25,0.25,4
1,full_map,EKF cooperative,4,False,0.23743426904924825,0.1899169429991022,0.1478789217093304,0.4050814856828311,0.9440176715313293,0.12395462141854566,0.39676635454504,74931,69,4845,6453,2226,4,2615,537,722,1500.0,drop,p=0.25,0.25,4
1,full_map,EKF cooperative,5,False,0.1890593183675202,0.14916409924208163,0.1193658304345549,0.3853396161746264,0.928968335784608,0.08713829440034168,0.02875813490061021,75000,0,4845,6453,2226,4,2615,1202,1654,1500.0,drop,p=0.25,0.25,4
1,full_map,EKF cooperative,1,False,0.1861612989054636,0.13903643913064212,0.09964340850437518,0.4255362457649154,0.7726103948227465,0.11805187797682992,0.0665213122017612,74953,47,3207,6453,1562,2,1643,493,952,1500.0,drop,p=0.5,0.5,0
1,full_map,EKF cooperative,2,False,0.14997017464685897,0.12352651032850079,0.10694911754656575,0.28603482592217283,0.5775428396347512,0.08499939053194719,0.11361749773858155,75000,0,3207,6453,1562,2,1643,602,1156,1500.0,drop,p=0.5,0.5,0
1,full_map,EKF cooperative,3,False,0.15847150022304574,0.12705315467346645,0.10279744286971904,0.30930990289592947,0.7647578921171375,0.07537110020483556,0.21909031664306153,75000,0,3207,6453,1562,2,1643,922,1969,1500.0,drop,p=0.5,0.5,0
1,full_map,EKF cooperative,4,False,0.2430312356433488,0.1919765940625935,0.144914343845543,0.4055605630854098,1.0664927354308584,0.12881817794488365,0.3936475787562589,74931,69,3207,6453,1562,2,1643,354,722,1500.0,drop,p=0.5,0.5,0
1,full_map,EKF cooperative,5,False,0.18835954673490699,0.14863479474133248,0.11840619893100918,0.3803594644127401,0.9244168607767236,0.08809744942855105,0.028788254232345132,75000,0,3207,6453,1562,2,1643,836,1654,1500.0,drop,p=0.5,0.5,0
1,full_map,EKF cooperative,1,False,0.18567301935786595,0.13844610249621986,0.09870786449203316,0.42500539511740637,0.7726080352649705,0.11744025075605727,0.06398087987605548,74953,47,3249,6453,1594,1,1654,492,952,1500.0,drop,p=0.5,0.5,1
1,full_map,EKF cooperative,2,False,0.14996410099997326,0.12392194378743109,0.10653457592556947,0.2831195053921875,0.577343973636198,0.08483755957642691,0.11425278438866353,75000,0,3249,6453,1594,1,1654,576,1156,1500.0,drop,p=0.5,0.5,1
1,full_map,EKF cooperative,3,False,0.15836857306394342,0.12677058708920877,0.10377601092726754,0.3098453954630274,0.7647583880623774,0.07536647660912464,0.21297814092402287,75000,0,3249,6453,1594,1,1654,996,1969,1500.0,drop,p=0.5,0.5,1
1,full_map,EKF cooperative,4,False,0.234918133641429,0.18822541001684634,0.1472222807346668,0.3987759510937542,0.9465185551799252,0.12425793779736484,0.3953711864393226,74931,69,3249,6453,1594,1,1654,358,722,1500.0,drop,p=0.5,0.5,1
1,full_map,EKF cooperative,5,False,0.18862314134027677,0.14881484547301696,0.11793393753584,0.3881548924860058,0.921737108370658,0.08804183191203048,0.02876604841792948,75000,0,3249,6453,1594,1,1654,827,1654,1500.0,drop,p=0.5,0.5,1
1,full_map,EKF cooperative,1,False,0.18562362606756835,0.1384949640297896,0.09932618438443594,0.42552535194135516,0.7726080913022245,0.11715915538826074,0.06402280187086119,74953,47,3223,6453,1555,4,1664,468,952,1500.0,drop,p=0.5,0.5,2
1,full_map,EKF cooperative,2,False,0.14942366775482793,0.12354245357346139,0.10583847911466837,0.283437789879108,0.577380064869672,0.08498292136197332,0.11378736308770611,75000,0,3223,6453,1555,4,1664,581,1156,1500.0,drop,p=0.5,0.5,2
1,full_map,EKF cooperative,3,False,0.1553527853450282,0.12440155287742974,0.10183773334053256,0.2982501427565777,0.7647581823861253,0.07471452659618988,0.2090567648202997,75000,0,3223,6453,1555,4,1664,970,1969,1500.0,drop,p=0.5,0.5,2
1,full_map,EKF cooperative,4,False,0.2364683362998736,0.1885095801841735,0.14538186310400641,0.4037203919557181,0.9514989057599322,0.1227337386514309,0.39643225068577964,74931,69,3223,6453,1555,4,1664,364,722,1500.0,drop,p=0.5,0.5,2
1,full_map,EKF cooperative,5,False,0.1879350700282849,0.14818880532220283,0.11759838136959533,0.38169305933737496,0.9297756111069251,0.08866248124289816,0.028783442734339883,75000,0,3223,6453,1555,4,1664,840,1654,1500.0,drop,p=0.5,0.5,2
1,full_map,EKF cooperative,1,False,0.18734061268689095,0.1396098596242751,0.09906060041946081,0.42853326002135944,0.772607350800564,0.11764141327861087,0.06421369592106448,74953,47,3195,6453,1518,1,1676,457,952,1500.0,drop,p=0.5,0.5,3
1,full_map,EKF cooperative,2,False,0.14992312523120477,0.12399309767430396,0.10667023527547292,0.28357664963033746,0.5774523257506654,0.08497076970112782,0.11444184683573448,75000,0,3195,6453,1518,1,1676,567,1156,1500.0,drop,p=0.5,0.5,3
1,full_map,EKF cooperative,3,False,0.15538207906803508,0.12433257347252412,0.10275529230184435,0.2997072818917558,0.7647581431689824,0.07504979587032523,0.21048339246055395,75000,0,3195,6453,1518,1,1676,953,1969,1500.0,drop,p=0.5,0.5,3
1,full_map,EKF cooperative,4,False,0.2402083491485686,0.19240911633094734,0.14889742349434232,0.4095867679823328,0.9434266565056804,0.12267423973878652,0.3961843559909429,74931,69,3195,6453,1518,1,1676,370,722,1500.0,drop,p=0.5,0.5,3
1,full_map,EKF cooperative,5,False,0.1880407508926134,0.14837252735767612,0.11767500988235027,0.380502405345203,0.9221056764214877,0.08863387391081047,0.028779818360718037,75000,0,3195,6453,1518,1,1676,848,1654,1500.0,drop,p=0.5,0.5,3
1,full_map,EKF cooperative,1,False,0.1861104291445436,0.1389897952653874,0.0990119774534438,0.425546350496336,0.7726019217925426,0.11749689145755067,0.06667948875515958,74953,47,3227,6453,1548,3,1676,472,952,1500.0,drop,p=0.5,0.5,4
1,full_map,EKF cooperative,2,False,0.1508373133341012,0.12465561807886115,0.10755934187634378,0.2890198580654438,0.5774468606106231,0.08470845501588607,0.11528747361759306,75000,0,3227,6453,1548,3,1676,596,1156,1500.0,drop,p=0.5,0.5,4
1,full_map,EKF cooperative,3,False,0.15578651910853195,0.12460155580230071,0.10267727602044459,0.30389730642934604,0.7647583516687195,0.07509408465257869,0.20514928167420626,75000,0,3227,6453,1548,3,1676,997,1969,1500.0,drop,p=0.5,0.5,4
1,full_map,EKF cooperative,4,False,0.24255937589682602,0.19197055734947122,0.1457044907102125,0.4062165794689813,1.0410849792555295,0.12774695519149784,0.3940942295890908,74931,69,3227,6453,1548,3,1676,365,722,1500.0,drop,p=0.5,0.5,4
1,full_map,EKF cooperative,5,False,0.18962223692397853,0.1495601519277713,0.11867704503434055,0.38703619848261506,0.9321402638827853,0.08876143717909184,0.028759107365322053,75000,0,3227,6453,1548,3,1676,797,1654,1500.0,drop,p=0.5,0.5,4
1,full_map,EKF cooperative,1,False,0.1885729109349186,0.140740680519475,0.1002391707228964,0.4302741432562273,0.7726030360403546,0.11851087296917538,0.06734428391772897,74953,47,1619,6453,825,2,792,250,952,1500.0,drop,p=0.75,0.75,0
1,full_map,EKF cooperative,2,False,0.149325486830813,0.12207880354704102,0.1026976754959622,0.282536707651192,0.5775446371261912,0.08523131316738769,0.11295126526271294,75000,0,1619,6453,825,2,792,317,1156,1500.0,drop,p=0.75,0.75,0
1,full_map,EKF cooperative,3,False,0.1570401674665111,0.12604827077328604,0.10190154260275429,0.30335673142876923,0.7647586827493296,0.07570656854844876,0.24772342116443974,75000,0,1619,6453,825,2,792,460,1969,1500.0,drop,p=0.75,0.75,0
1,full_map,EKF cooperative,4,False,0.24110614968056956,0.19020381220973187,0.14306732539163244,0.3911846106530187,1.0652328028495333,0.12910210304785857,0.39049714556102255,74931,69,1619,6453,825,2,792,175,722,1500.0,drop,p=0.75,0.75,0
1,full_map,EKF cooperative,5,False,0.18835136254436646,0.1490742663418162,0.11980035075597334,0.37929024013529666,0.9513916833465287,0.09013913325093809,0.028793415124974717,75000,0,1619,6453,825,2,792,417,1654,1500.0,drop,p=0.75,0.75,0
1,full_map,EKF cooperative,1,False,0.18524575996575746,0.13836994805457958,0.09808651351084069,0.4167771382932985,0.7726010427855844,0.11754953087208539,0.06453503169324756,74953,47,1646,6453,869,0,777,237,952,1500.0,drop,p=0.75,0.75,1
1,full_map,EKF cooperative,2,False,0.15001918108525092,0.12326159608943495,0.10320703937339286,0.2856194650108755,0.5773715399957199,0.08524929444004503,0.11325407967980891,75000,0,1646,6453,869,0,777,309,1156,1500.0,drop,p=0.75,0.75,1
1,full_map,EKF cooperative,3,False,0.1558180262318013,0.12530631517369853,0.1024247083859906,0.3039499600705477,0.7647586855326189,0.07521099895999689,0.23693299310366966,75000,0,1646,6453,869,0,777,507,1969,1500.0,drop,p=0.75,0.75,1
1,full_map,EKF cooperative,4,False,0.23674064502706424,0.18714912347642806,0.14530194395347254,0.394812380188133,1.0446867928437678,0.12683063452359902,0.39360643521316746,74931,69,1646,6453,869,0,777,177,722,1500.0,drop,p=0.75,0.75,1
1,full_map,EKF cooperative,5,False,0.18794227979492167,0.14797612772590313,0.11757741634367526,0.3898740591419081,0.924738117661459,0.09009372258084133,0.028785731059985484,75000,0,1646,6453,869,0,777,416,1654,1500.0,drop,p=0.75,0.75,1
1,full_map,EKF cooperative,1,False,0.18430362692677996,0.1375908955187756,0.09871188243147339,0.4161689567386179,0.7726053888116432,0.11688416923824485,0.06473054493711748,74953,47,1651,6453,869,3,779,235,952,1500.0,drop,p=0.75,0.75,2
1,full_map,EKF cooperative,2,False,0.14896017557842367,0.12230248630267207,0.1016051988777165,0.2816576914913845,0.5773593104686238,0.08558009603057543,0.11206573469256263,75000,0,1651,6453,869,3,779,316,1156,1500.0,drop,p=0.75,0.75,2
1,full_map,EKF cooperative,3,False,0.15442324148131248,0.12343459350221327,0.10144926454129514,0.3017995065080221,0.7647585038060618,0.07538622749637815,0.18091815618996995,75000,0,1651,6453,869,3,779,496,1969,1500.0,drop,p=0.75,0.75,2
1,full_map,EKF cooperative,4,False,0.24388720216755416,0.1921813199862039,0.14717130855116767,0.39619954750035846,1.1128567243676384,0.12885336413374612,0.3936645675898666,74931,69,1651,6453,869,3,779,171,722,1500.0,drop,p=0.75,0.75,2
1,full_map,EKF cooperative,5,False,0.18793267891458687,0.14829115685972738,0.11755055675623599,0.38711254665302364,0.9291648282188729,0.09288641110913295,0.028792419841178897,75000,0,1651,6453,869,3,779,433,1654,1500.0,drop,p=0.75,0.75,2
1,full_map,EKF cooperative,1,False,0.1862262653251732,0.13913909952476425,0.09845767345855293,0.4211454342266781,0.772599590910125,0.11749624256003353,0.06462709101179326,74953,47,1601,6453,825,1,775,234,952,1500.0,drop,p=0.75,0.75,3
1,full_map,EKF cooperative,2,False,0.14992299632661227,0.1233683868131578,0.10377955487696827,0.2882387485655359,0.5774632842816305,0.08512206226358551,0.11391037543721164,75000,0,1601,6453,825,1,775,299,1156,1500.0,drop,p=0.75,0.75,3
1,full_map,EKF cooperative,3,False,0.1558026231276348,0.12510504718830204,0.102132863502567,0.3025047014188781,0.7647584273293189,0.07531525419927393,0.2028838205690213,75000,0,1601,6453,825,1,775,482,1969,1500.0,drop,p=0.75,0.75,3
1,full_map,EKF cooperative,4,False,0.23702965100119622,0.1893028168379404,0.14624471287621021,0.39708329796654707,0.9487818648997393,0.12235547376797024,0.39248506635450026,74931,69,1601,6453,825,1,775,184,722,1500.0,drop,p=0.75,0.75,3
1,full_map,EKF cooperative,5,False,0.18771191145480312,0.14847241005460893,0.11771655689958946,0.3793791826086748,0.9237953940653272,0.09055924841703078,0.028799182335851447,75000,0,1601,6453,825,1,775,402,1654,1500.0,drop,p=0.75,0.75,3
1,full_map,EKF cooperative,1,False,0.18723070557927454,0.13933643550800565,0.09874338883025609,0.4302529659809838,0.7725994185658958,0.11693587744408052,0.06706812429156869,74953,47,1630,6453,839,1,790,242,952,1500.0,drop,p=0.75,0.75,4
1,full_map,EKF cooperative,2,False,0.15082322461658168,0.12427660166932392,0.10520798601521678,0.2920944858435125,0.5773343300973696,0.08512147854995164,0.1144433102376776,75000,0,1630,6453,839,1,790,308,1156,1500.0,drop,p=0.75,0.75,4
1,full_map,EKF cooperative,3,False,0.15549322549070133,0.12469454379255573,0.10255221149188887,0.3041015446848525,0.7647585544559122,0.07552137451634601,0.2167733472488931,75000,0,1630,6453,839,1,790,486,1969,1500.0,drop,p=0.75,0.75,4
1,full_map,EKF cooperative,4,False,0.23753823795098494,0.18810434387646502,0.14593372370022,0.39152927678413285,1.0357461605551879,0.12629998439506673,0.39163929731298347,74931,69,1630,6453,839,1,790,189,722,1500.0,drop,p=0.75,0.75,4
1,full_map,EKF cooperative,5,False,0.1893116159408087,0.14952895816767414,0.11884117674836933,0.3871675646390692,0.9348518809602488,0.09029999692239257,0.028810429583813142,75000,0,1630,6453,839,1,790,405,1654,1500.0,drop,p=0.75,0.75,4
1,full_map,EKF cooperative,1,False,0.19034112206768264,0.14254822454026195,0.1018798458418557,0.4337402957990168,0.7725967432086485,0.12103593819021126,0.06500320726856029,74953,47,621,6453,335,1,285,94,952,1500.0,drop,p=0.9,0.9,0
1,full_map,EKF cooperative,2,False,0.14949041788036954,0.12227941784226916,0.10302725447187128,0.283473612582451,0.5774671177917206,0.08655853384932466,0.11306784467851567,75000,0,621,6453,335,1,285,135,1156,1500.0,drop,p=0.9,0.9,0
1,full_map,EKF cooperative,3,False,0.15353119253258532,0.12289178196521808,0.09891185053742066,0.3047125700077879,0.7647588343230316,0.07520652436468189,0.17214635178205825,75000,0,621,6453,335,1,285,180,1969,1500.0,drop,p=0.9,0.9,0
1,full_map,EKF cooperative,4,False,0.23640626089616143,0.18616293970622166,0.14382243527093566,0.38924206540331496,1.0647638885694564,0.12817035695925846,0.38908554089056285,74931,69,621,6453,335,1,285,60,722,1500.0,drop,p=0.9,0.9,0
1,full_map,EKF cooperative,5,False,0.18830505921869234,0.1488582316907178,0.11879739303936976,0.3837321576443406,0.9519010142904665,0.09338587084204392,0.02881805294581134,75000,0,621,6453,335,1,285,152,1654,1500.0,drop,p=0.9,0.9,0
1,full_map,EKF cooperative,1,False,0.1871203947804264,0.1399469120318466,0.09909548767141899,0.4229440380711353,0.7725968265953796,0.11786964577579774,0.06495734813293236,74953,47,661,6453,384,0,277,102,952,1500.0,drop,p=0.9,0.9,1
1,full_map,EKF cooperative,2,False,0.1511892796061367,0.12346464384556813,0.10352672358686815,0.28346339892842337,0.5773456216993343,0.0858486516343589,0.11267827398371665,75000,0,661,6453,384,0,277,119,1156,1500.0,drop,p=0.9,0.9,1
1,full_map,EKF cooperative,3,False,0.15400761057297263,0.12354814222482445,0.09981350230206018,0.30489663025798514,0.764758807976045,0.07563450032374999,0.1860235837098377,75000,0,661,6453,384,0,277,199,1969,1500.0,drop,p=0.9,0.9,1
1,full_map,EKF cooperative,4,False,0.2354976028248766,0.18569929305003396,0.14562561102659183,0.3904026333048054,1.0821593946048003,0.1286642400868165,0.390982841786391,74931,69,661,6453,384,0,277,77,722,1500.0,drop,p=0.9,0.9,1
1,full_map,EKF cooperative,5,False,0.18825256102823518,0.1484848920827127,0.11759729904386321,0.3927304834041778,0.9287932089906977,0.09303329806791567,0.028790987341953594,75000,0,661,6453,384,0,277,164,1654,1500.0,drop,p=0.9,0.9,1
1,full_map,EKF cooperative,1,False,0.18486170766510646,0.13800480240061383,0.09849388015925117,0.41925197735067177,0.7726012626261476,0.11677348036497638,0.06513010032408638,74953,47,660,6453,368,2,290,98,952,1500.0,drop,p=0.9,0.9,2
1,full_map,EKF cooperative,2,False,0.15000193393074884,0.12312872152494955,0.10385677974081628,0.2807634967246958,0.5772590346556247,0.08626011462550845,0.11245148734859328,75000,0,660,6453,368,2,290,133,1156,1500.0,drop,p=0.9,0.9,2
1,full_map,EKF cooperative,3,False,0.15274686471959245,0.1219696055120353,0.09678098566701501,0.3023128374517012,0.7647587764801748,0.07560013075455489,0.11851893265743012,75000,0,660,6453,368,2,290,182,1969,1500.0,drop,p=0.9,0.9,2
1,full_map,EKF cooperative,4,False,0.2198952563825455,0.17972534439407625,0.14496781151663057,0.3899486463443179,0.7687501036846688,0.11228429159786198,0.3898579424231447,74931,69,660,6453,368,2,290,60,722,1500.0,drop,p=0.9,0.9,2
1,full_map,EKF cooperative,5,False,0.18884856089310528,0.14926754026271044,0.11812741342707322,0.3912046275857856,0.9290312833650134,0.0969784320867193,0.028802222295210185,75000,0,660,6453,368,2,290,187,1654,1500.0,drop,p=0.9,0.9,2
1,full_map,EKF cooperative,1,False,0.18664477784290817,0.13954785784743623,0.0993021060310594,0.42115490894704427,0.7725987076998824,0.11714558776856591,0.06497201234585458,74953,47,661,6453,351,1,309,98,952,1500.0,drop,p=0.9,0.9,3
1,full_map,EKF cooperative,2,False,0.15010649352515554,0.12280025715501901,0.10276583734051614,0.28259344033566236,0.5774209382623853,0.08564297631298108,0.11355569574485722,75000,0,661,6453,351,1,309,129,1156,1500.0,drop,p=0.9,0.9,3
1,full_map,EKF cooperative,3,False,0.15474200100798255,0.12445235363729266,0.10063519965081791,0.3031400561561859,0.7647583960116568,0.07509179437551558,0.1566601564412923,75000,0,661,6453,351,1,309,204,1969,1500.0,drop,p=0.9,0.9,3
1,full_map,EKF cooperative,4,False,0.23729465883365297,0.1874123942127093,0.14258485654396472,0.3892441669886756,1.0684568661806084,0.12790489935995875,0.3890322841451058,74931,69,661,6453,351,1,309,69,722,1500.0,drop,p=0.9,0.9,3
1,full_map,EKF cooperative,5,False,0.18848969348738506,0.14919485402405483,0.11884355121074303,0.38038974315029184,0.9375000007951767,0.09264214085211972,0.028797310593478963,75000,0,661,6453,351,1,309,161,1654,1500.0,drop,p=0.9,0.9,3
1,full_map,EKF cooperative,1,False,0.18752121074747108,0.13952498904715152,0.09828224515122964,0.430229846854357,0.772596442756319,0.11716126777566281,0.06748068314282754,74953,47,657,6453,350,1,306,99,952,1500.0,drop,p=0.9,0.9,4
1,full_map,EKF cooperative,2,False,0.15172393375315088,0.12416229008358985,0.10562153209459416,0.28540917977264985,0.5773250379595563,0.08608617684447566,0.11333655396113056,75000,0,657,6453,350,1,306,109,1156,1500.0,drop,p=0.9,0.9,4
1,full_map,EKF cooperative,3,False,0.15515284511368438,0.12398585672800648,0.10022969837575041,0.3052499245303377,0.7647588949100159,0.07518816127778367,0.17674374207996854,75000,0,657,6453,350,1,306,201,1969,1500.0,drop,p=0.9,0.9,4
1,full_map,EKF cooperative,4,False,0.2369800427946312,0.18687956179401574,0.14243530958490358,0.38858749427263706,1.0435860055997896,0.12732219684688367,0.3884476296728309,74931,69,657,6453,350,1,306,73,722,1500.0,drop,p=0.9,0.9,4
1,full_map,EKF cooperative,5,False,0.18819291355459702,0.14855112985427046,0.11857869013486372,0.3805819081901999,0.938474752146215,0.09195124855875024,0.02882721381132403,75000,0,657,6453,350,1,306,175,1654,1500.0,drop,p=0.9,0.9,4
1,full_map,EKF cooperative,1,False,0.19110471022122819,0.14343482838011629,0.10294867096133316,0.4337395616678031,0.772595051329243,0.12139241651158325,0.06526327175616245,74953,47,0,6453,0,0,0,0,952,1500.0,drop,p=1,1.0,0
1,full_map,EKF cooperative,2,False,0.1501975630548997,0.12332252679517818,0.10540344611832313,0.2858203215605176,0.5773263232105508,0.08704283970379022,0.11239692869763396,75000,0,0,6453,0,0,0,0,1156,1500.0,drop,p=1,1.0,0
1,full_map,EKF cooperative,3,False,0.1533832261279893,0.12280936986047263,0.09691380981470235,0.3052988381901521,0.7647585491744412,0.07498934604543095,0.091757159328316,75000,0,0,6453,0,0,0,0,1969,1500.0,drop,p=1,1.0,0
1,full_map,EKF cooperative,4,False,0.23986711996268836,0.1959536703715227,0.1483762152078567,0.4406154859047585,0.7702871647306279,0.113461091228989,0.3891568146098774,74931,69,0,6453,0,0,0,0,722,1500.0,drop,p=1,1.0,0
1,full_map,EKF cooperative,5,False,0.18920766434453606,0.14927073844225713,0.11809634980827911,0.391289884683328,0.9533262190148993,0.09869078255670995,0.028807249712049673,75000,0,0,6453,0,0,0,0,1654,1500.0,drop,p=1,1.0,0
1,full_map,EKF cooperative,1,False,0.19110471022122819,0.14343482838011629,0.10294867096133316,0.4337395616678031,0.772595051329243,0.12139241651158325,0.06526327175616245,74953,47,0,6453,0,0,0,0,952,1500.0,drop,p=1,1.0,1
1,full_map,EKF cooperative,2,False,0.1501975630548997,0.12332252679517818,0.10540344611832313,0.2858203215605176,0.5773263232105508,0.08704283970379022,0.11239692869763396,75000,0,0,6453,0,0,0,0,1156,1500.0,drop,p=1,1.0,1
1,full_map,EKF cooperative,3,False,0.1533832261279893,0.12280936986047263,0.09691380981470235,0.3052988381901521,0.7647585491744412,0.07498934604543095,0.091757159328316,75000,0,0,6453,0,0,0,0,1969,1500.0,drop,p=1,1.0,1
1,full_map,EKF cooperative,4,False,0.23986711996268836,0.1959536703715227,0.1483762152078567,0.4406154859047585,0.7702871647306279,0.113461091228989,0.3891568146098774,74931,69,0,6453,0,0,0,0,722,1500.0,drop,p=1,1.0,1
1,full_map,EKF cooperative,5,False,0.18920766434453606,0.14927073844225713,0.11809634980827911,0.391289884683328,0.9533262190148993,0.09869078255670995,0.028807249712049673,75000,0,0,6453,0,0,0,0,1654,1500.0,drop,p=1,1.0,1
1,full_map,EKF cooperative,1,False,0.19110471022122819,0.14343482838011629,0.10294867096133316,0.4337395616678031,0.772595051329243,0.12139241651158325,0.06526327175616245,74953,47,0,6453,0,0,0,0,952,1500.0,drop,p=1,1.0,2
1,full_map,EKF cooperative,2,False,0.1501975630548997,0.12332252679517818,0.10540344611832313,0.2858203215605176,0.5773263232105508,0.08704283970379022,0.11239692869763396,75000,0,0,6453,0,0,0,0,1156,1500.0,drop,p=1,1.0,2
1,full_map,EKF cooperative,3,False,0.1533832261279893,0.12280936986047263,0.09691380981470235,0.3052988381901521,0.7647585491744412,0.07498934604543095,0.091757159328316,75000,0,0,6453,0,0,0,0,1969,1500.0,drop,p=1,1.0,2
1,full_map,EKF cooperative,4,False,0.23986711996268836,0.1959536703715227,0.1483762152078567,0.4406154859047585,0.7702871647306279,0.113461091228989,0.3891568146098774,74931,69,0,6453,0,0,0,0,722,1500.0,drop,p=1,1.0,2
1,full_map,EKF cooperative,5,False,0.18920766434453606,0.14927073844225713,0.11809634980827911,0.391289884683328,0.9533262190148993,0.09869078255670995,0.028807249712049673,75000,0,0,6453,0,0,0,0,1654,1500.0,drop,p=1,1.0,2
1,full_map,EKF cooperative,1,False,0.19110471022122819,0.14343482838011629,0.10294867096133316,0.4337395616678031,0.772595051329243,0.12139241651158325,0.06526327175616245,74953,47,0,6453,0,0,0,0,952,1500.0,drop,p=1,1.0,3
1,full_map,EKF cooperative,2,False,0.1501975630548997,0.12332252679517818,0.10540344611832313,0.2858203215605176,0.5773263232105508,0.08704283970379022,0.11239692869763396,75000,0,0,6453,0,0,0,0,1156,1500.0,drop,p=1,1.0,3
1,full_map,EKF cooperative,3,False,0.1533832261279893,0.12280936986047263,0.09691380981470235,0.3052988381901521,0.7647585491744412,0.07498934604543095,0.091757159328316,75000,0,0,6453,0,0,0,0,1969,1500.0,drop,p=1,1.0,3
1,full_map,EKF cooperative,4,False,0.23986711996268836,0.1959536703715227,0.1483762152078567,0.4406154859047585,0.7702871647306279,0.113461091228989,0.3891568146098774,74931,69,0,6453,0,0,0,0,722,1500.0,drop,p=1,1.0,3
1,full_map,EKF cooperative,5,False,0.18920766434453606,0.14927073844225713,0.11809634980827911,0.391289884683328,0.9533262190148993,0.09869078255670995,0.028807249712049673,75000,0,0,6453,0,0,0,0,1654,1500.0,drop,p=1,1.0,3
1,full_map,EKF cooperative,1,False,0.19110471022122819,0.14343482838011629,0.10294867096133316,0.4337395616678031,0.772595051329243,0.12139241651158325,0.06526327175616245,74953,47,0,6453,0,0,0,0,952,1500.0,drop,p=1,1.0,4
1,full_map,EKF cooperative,2,False,0.1501975630548997,0.12332252679517818,0.10540344611832313,0.2858203215605176,0.5773263232105508,0.08704283970379022,0.11239692869763396,75000,0,0,6453,0,0,0,0,1156,1500.0,drop,p=1,1.0,4
1,full_map,EKF cooperative,3,False,0.1533832261279893,0.12280936986047263,0.09691380981470235,0.3052988381901521,0.7647585491744412,0.07498934604543095,0.091757159328316,75000,0,0,6453,0,0,0,0,1969,1500.0,drop,p=1,1.0,4
1,full_map,EKF cooperative,4,False,0.23986711996268836,0.1959536703715227,0.1483762152078567,0.4406154859047585,0.7702871647306279,0.113461091228989,0.3891568146098774,74931,69,0,6453,0,0,0,0,722,1500.0,drop,p=1,1.0,4
1,full_map,EKF cooperative,5,False,0.18920766434453606,0.14927073844225713,0.11809634980827911,0.391289884683328,0.9533262190148993,0.09869078255670995,0.028807249712049673,75000,0,0,6453,0,0,0,0,1654,1500.0,drop,p=1,1.0,4
1,map_blind,EKF cooperative,1,False,0.19282843492257157,0.14360065269682273,0.10288476316245593,0.4476396653916987,0.7726018921510022,0.12135285028867979,0.06405709977596119,74953,47,6453,6453,1999,1,4453,952,952,1500.0,drop,p=0,0.0,0
1,map_blind,EKF cooperative,2,False,0.15284130547369446,0.12484890587564429,0.10505485649982765,0.29176720038720116,0.5773764702289109,0.08562235656141823,0.1229947116109586,75000,0,6453,6453,1999,1,4453,1156,1156,1500.0,drop,p=0,0.0,0
1,map_blind,EKF cooperative,3,True,0.4368732473575112,0.3227730084274982,0.2280763064353799,0.9540243048632248,1.4613096519719517,0.22129183790394164,0.10148056925818219,75000,0,6453,6453,1999,1,4453,1969,1969,1500.0,drop,p=0,0.0,0
1,map_blind,EKF cooperative,4,True,0.6096887275068903,0.4632921501202474,0.3509925667052226,1.476108107417268,1.8386240690456568,0.3060197281013794,0.12322419191101736,74931,69,6453,6453,1999,1,4453,722,722,1500.0,drop,p=0,0.0,0
1,map_blind,EKF cooperative,5,True,0.36553132367450764,0.2835922157851779,0.2148020917168718,0.9344252750264731,1.0652122938785606,0.4201216258163882,0.2701152292320608,75000,0,6453,6453,1999,1,4453,1654,1654,1500.0,drop,p=0,0.0,0
1,map_blind,EKF cooperative,1,False,0.19282843492257157,0.14360065269682273,0.10288476316245593,0.4476396653916987,0.7726018921510022,0.12135285028867979,0.06405709977596119,74953,47,6453,6453,1999,1,4453,952,952,1500.0,drop,p=0,0.0,1
1,map_blind,EKF cooperative,2,False,0.15284130547369446,0.12484890587564429,0.10505485649982765,0.29176720038720116,0.5773764702289109,0.08562235656141823,0.1229947116109586,75000,0,6453,6453,1999,1,4453,1156,1156,1500.0,drop,p=0,0.0,1
1,map_blind,EKF cooperative,3,True,0.4368732473575112,0.3227730084274982,0.2280763064353799,0.9540243048632248,1.4613096519719517,0.22129183790394164,0.10148056925818219,75000,0,6453,6453,1999,1,4453,1969,1969,1500.0,drop,p=0,0.0,1
1,map_blind,EKF cooperative,4,True,0.6096887275068903,0.4632921501202474,0.3509925667052226,1.476108107417268,1.8386240690456568,0.3060197281013794,0.12322419191101736,74931,69,6453,6453,1999,1,4453,722,722,1500.0,drop,p=0,0.0,1
1,map_blind,EKF cooperative,5,True,0.36553132367450764,0.2835922157851779,0.2148020917168718,0.9344252750264731,1.0652122938785606,0.4201216258163882,0.2701152292320608,75000,0,6453,6453,1999,1,4453,1654,1654,1500.0,drop,p=0,0.0,1
1,map_blind,EKF cooperative,1,False,0.19282843492257157,0.14360065269682273,0.10288476316245593,0.4476396653916987,0.7726018921510022,0.12135285028867979,0.06405709977596119,74953,47,6453,6453,1999,1,4453,952,952,1500.0,drop,p=0,0.0,2
1,map_blind,EKF cooperative,2,False,0.15284130547369446,0.12484890587564429,0.10505485649982765,0.29176720038720116,0.5773764702289109,0.08562235656141823,0.1229947116109586,75000,0,6453,6453,1999,1,4453,1156,1156,1500.0,drop,p=0,0.0,2
1,map_blind,EKF cooperative,3,True,0.4368732473575112,0.3227730084274982,0.2280763064353799,0.9540243048632248,1.4613096519719517,0.22129183790394164,0.10148056925818219,75000,0,6453,6453,1999,1,4453,1969,1969,1500.0,drop,p=0,0.0,2
1,map_blind,EKF cooperative,4,True,0.6096887275068903,0.4632921501202474,0.3509925667052226,1.476108107417268,1.8386240690456568,0.3060197281013794,0.12322419191101736,74931,69,6453,6453,1999,1,4453,722,722,1500.0,drop,p=0,0.0,2
1,map_blind,EKF cooperative,5,True,0.36553132367450764,0.2835922157851779,0.2148020917168718,0.9344252750264731,1.0652122938785606,0.4201216258163882,0.2701152292320608,75000,0,6453,6453,1999,1,4453,1654,1654,1500.0,drop,p=0,0.0,2
1,map_blind,EKF cooperative,1,False,0.19282843492257157,0.14360065269682273,0.10288476316245593,0.4476396653916987,0.7726018921510022,0.12135285028867979,0.06405709977596119,74953,47,6453,6453,1999,1,4453,952,952,1500.0,drop,p=0,0.0,3
1,map_blind,EKF cooperative,2,False,0.15284130547369446,0.12484890587564429,0.10505485649982765,0.29176720038720116,0.5773764702289109,0.08562235656141823,0.1229947116109586,75000,0,6453,6453,1999,1,4453,1156,1156,1500.0,drop,p=0,0.0,3
1,map_blind,EKF cooperative,3,True,0.4368732473575112,0.3227730084274982,0.2280763064353799,0.9540243048632248,1.4613096519719517,0.22129183790394164,0.10148056925818219,75000,0,6453,6453,1999,1,4453,1969,1969,1500.0,drop,p=0,0.0,3
1,map_blind,EKF cooperative,4,True,0.6096887275068903,0.4632921501202474,0.3509925667052226,1.476108107417268,1.8386240690456568,0.3060197281013794,0.12322419191101736,74931,69,6453,6453,1999,1,4453,722,722,1500.0,drop,p=0,0.0,3
1,map_blind,EKF cooperative,5,True,0.36553132367450764,0.2835922157851779,0.2148020917168718,0.9344252750264731,1.0652122938785606,0.4201216258163882,0.2701152292320608,75000,0,6453,6453,1999,1,4453,1654,1654,1500.0,drop,p=0,0.0,3
1,map_blind,EKF cooperative,1,False,0.19282843492257157,0.14360065269682273,0.10288476316245593,0.4476396653916987,0.7726018921510022,0.12135285028867979,0.06405709977596119,74953,47,6453,6453,1999,1,4453,952,952,1500.0,drop,p=0,0.0,4
1,map_blind,EKF cooperative,2,False,0.15284130547369446,0.12484890587564429,0.10505485649982765,0.29176720038720116,0.5773764702289109,0.08562235656141823,0.1229947116109586,75000,0,6453,6453,1999,1,4453,1156,1156,1500.0,drop,p=0,0.0,4
1,map_blind,EKF cooperative,3,True,0.4368732473575112,0.3227730084274982,0.2280763064353799,0.9540243048632248,1.4613096519719517,0.22129183790394164,0.10148056925818219,75000,0,6453,6453,1999,1,4453,1969,1969,1500.0,drop,p=0,0.0,4
1,map_blind,EKF cooperative,4,True,0.6096887275068903,0.4632921501202474,0.3509925667052226,1.476108107417268,1.8386240690456568,0.3060197281013794,0.12322419191101736,74931,69,6453,6453,1999,1,4453,722,722,1500.0,drop,p=0,0.0,4
1,map_blind,EKF cooperative,5,True,0.36553132367450764,0.2835922157851779,0.2148020917168718,0.9344252750264731,1.0652122938785606,0.4201216258163882,0.2701152292320608,75000,0,6453,6453,1999,1,4453,1654,1654,1500.0,drop,p=0,0.0,4
1,map_blind,EKF cooperative,1,False,0.19283974563666068,0.14364753295965027,0.1026403326692985,0.44759447250789863,0.7726018973054232,0.12123666673292317,0.06423975289758761,74953,47,4802,6453,1643,1,3158,719,952,1500.0,drop,p=0.25,0.25,0
1,map_blind,EKF cooperative,2,False,0.15183494657139987,0.12408558006632282,0.10501519570357212,0.2912024532369858,0.5773764948811044,0.08545610139579653,0.11712199030715119,75000,0,4802,6453,1643,1,3158,892,1156,1500.0,drop,p=0.25,0.25,0
1,map_blind,EKF cooperative,3,True,0.3814211465809602,0.2931172674266581,0.23038673625752126,0.862630150117609,1.2153678181723815,0.2290856816036408,0.08366669972118485,75000,0,4802,6453,1643,1,3158,1437,1969,1500.0,drop,p=0.25,0.25,0
1,map_blind,EKF cooperative,4,True,0.5860012939565428,0.4521774477443864,0.3538078972615826,1.3157914606164445,1.8251809736084001,0.3069443228221686,0.139589392704805,74931,69,4802,6453,1643,1,3158,514,722,1500.0,drop,p=0.25,0.25,0
1,map_blind,EKF cooperative,5,True,0.3435500462738556,0.2818495250047476,0.21774575252789863,0.7489465028140664,0.9821695116012279,0.4414632197793595,0.3978150465918059,75000,0,4802,6453,1643,1,3158,1240,1654,1500.0,drop,p=0.25,0.25,0
1,map_blind,EKF cooperative,1,False,0.19288133503517257,0.14363543563730358,0.10250107956584463,0.4476850672196048,0.7725990134433636,0.12135734929141544,0.06434525657212056,74953,47,4855,6453,1691,1,3163,715,952,1500.0,drop,p=0.25,0.25,1
1,map_blind,EKF cooperative,2,False,0.15230487909064053,0.12445667258830763,0.10556421210296492,0.29174923562031857,0.5773741198786623,0.08549816814939905,0.1190656330468591,75000,0,4855,6453,1691,1,3163,864,1156,1500.0,drop,p=0.25,0.25,1
1,map_blind,EKF cooperative,3,True,0.44202767108652913,0.32514586760929576,0.219269333500882,1.0002633026901406,1.339327459115173,0.22213366478364363,0.07258486538690505,75000,0,4855,6453,1691,1,3163,1475,1969,1500.0,drop,p=0.25,0.25,1
1,map_blind,EKF cooperative,4,True,0.6216564270395148,0.4700407713536844,0.37592693611396044,1.5153633663488275,1.8637142230439612,0.3099654446954877,0.13644065457944657,74931,69,4855,6453,1691,1,3163,522,722,1500.0,drop,p=0.25,0.25,1
1,map_blind,EKF cooperative,5,True,0.37869027080397505,0.2918109669721831,0.21983525201524223,0.9481427383962465,1.1170486760709315,0.4295983268242362,0.3007756407749429,75000,0,4855,6453,1691,1,3163,1279,1654,1500.0,drop,p=0.25,0.25,1
1,map_blind,EKF cooperative,1,False,0.19271114419689095,0.14358523207501311,0.10255200384011094,0.4474182423179479,0.7726018925986273,0.1212751148540421,0.06413759344767546,74953,47,4818,6453,1649,1,3168,708,952,1500.0,drop,p=0.25,0.25,2
1,map_blind,EKF cooperative,2,False,0.15340497390020544,0.1248387143491392,0.10556903909207069,0.2962855253388136,0.5773731677631937,0.08575756287202212,0.11746632454068488,75000,0,4818,6453,1649,1,3168,875,1156,1500.0,drop,p=0.25,0.25,2
1,map_blind,EKF cooperative,3,True,0.43891672041633956,0.32840053655747065,0.23438610458800574,1.008548549818663,1.3068354221098277,0.2158707118326845,0.06946980872359741,75000,0,4818,6453,1649,1,3168,1478,1969,1500.0,drop,p=0.25,0.25,2
1,map_blind,EKF cooperative,4,True,0.6353588757298357,0.4724555711448849,0.3400007011863956,1.5722643858808234,1.908449217157238,0.3133462779299144,0.1316323047437935,74931,69,4818,6453,1649,1,3168,540,722,1500.0,drop,p=0.25,0.25,2
1,map_blind,EKF cooperative,5,True,0.3632418804256069,0.2816409204185917,0.21234669480345164,0.89292687767677,1.0642831831995958,0.42116477651626316,0.27280253338210847,75000,0,4818,6453,1649,1,3168,1217,1654,1500.0,drop,p=0.25,0.25,2
1,map_blind,EKF cooperative,1,False,0.19236829145279458,0.14354673153684921,0.10265206197149321,0.4459074328579355,0.7726002070725954,0.12134255929485721,0.06419093551666737,74953,47,4788,6453,1653,0,3135,695,952,1500.0,drop,p=0.25,0.25,3
1,map_blind,EKF cooperative,2,False,0.15240787450799045,0.1244367527948314,0.10529634531890363,0.29249646574188526,0.5773686607139313,0.08573745591744085,0.11806071102022479,75000,0,4788,6453,1653,0,3135,862,1156,1500.0,drop,p=0.25,0.25,3
1,map_blind,EKF cooperative,3,True,0.3968867050709617,0.30266939096039785,0.22761810159706275,0.867473321803926,1.3328024422405897,0.2416328643505443,0.07111332360614132,75000,0,4788,6453,1653,0,3135,1445,1969,1500.0,drop,p=0.25,0.25,3
1,map_blind,EKF cooperative,4,True,0.5584687313250288,0.4297123343549426,0.3267673744875206,1.2601422962212228,1.6852389022956815,0.3041035919136475,0.10240804750783412,74931,69,4788,6453,1653,0,3135,542,722,1500.0,drop,p=0.25,0.25,3
1,map_blind,EKF cooperative,5,True,0.36303314562629757,0.28311155645330155,0.2175114812277275,0.9048903248589234,1.055080368203503,0.420582509970969,0.3005798537559564,75000,0,4788,6453,1653,0,3135,1244,1654,1500.0,drop,p=0.25,0.25,3
1,map_blind,EKF cooperative,1,False,0.19272897676370138,0.14360658076140637,0.10258033659066226,0.4471186531738129,0.7725989515972619,0.12133587004836781,0.06447273015973094,74953,47,4845,6453,1685,1,3159,712,952,1500.0,drop,p=0.25,0.25,4
1,map_blind,EKF cooperative,2,False,0.15227780488807707,0.1242566047038615,0.10480608434519446,0.29260275667704977,0.5773604708416914,0.08549831196635635,0.11919595722425953,75000,0,4845,6453,1685,1,3159,880,1156,1500.0,drop,p=0.25,0.25,4
1,map_blind,EKF cooperative,3,True,0.4403779719416425,0.3290237366979048,0.23112403235264534,0.9775778209995106,1.2664211902274234,0.22017264155541547,0.07332613652113021,75000,0,4845,6453,1685,1,3159,1514,1969,1500.0,drop,p=0.25,0.25,4
1,map_blind,EKF cooperative,4,True,0.5964404603634308,0.46012799267324267,0.34400022819253384,1.3918701871013939,1.8845108494476497,0.2910784040818751,0.15093220582095562,74931,69,4845,6453,1685,1,3159,537,722,1500.0,drop,p=0.25,0.25,4
1,map_blind,EKF cooperative,5,True,0.359099323641229,0.2871528251915588,0.22300032731003677,0.8696849753430382,1.0432829476719,0.42750441595839705,0.35163553208587695,75000,0,4845,6453,1685,1,3159,1202,1654,1500.0,drop,p=0.25,0.25,4
1,map_blind,EKF cooperative,1,False,0.19278051086986317,0.14373606327651262,0.10352197392654355,0.4472017472911909,0.7726018775922201,0.12129663219156663,0.06442332144639665,74953,47,3207,6453,1176,43,1988,493,952,1500.0,drop,p=0.5,0.5,0
1,map_blind,EKF cooperative,2,False,0.15200675983697268,0.12398830922435877,0.10514459398878866,0.29452211661670974,0.5773608173279904,0.08562961834607422,0.11405879822644925,75000,0,3207,6453,1176,43,1988,602,1156,1500.0,drop,p=0.5,0.5,0
1,map_blind,EKF cooperative,3,True,0.4058007890684833,0.30619533837858276,0.22740968535565206,0.8547918474449807,1.4068357677212817,0.23839465729246115,0.07621757762216123,75000,0,3207,6453,1176,43,1988,922,1969,1500.0,drop,p=0.5,0.5,0
1,map_blind,EKF cooperative,4,True,1.371595320562407,0.8900586430520975,0.520974990906941,3.292835959796734,5.1493570522467085,0.5697459669984585,0.11669670580547677,74931,69,3207,6453,1176,43,1988,354,722,1500.0,drop,p=0.5,0.5,0
1,map_blind,EKF cooperative,5,True,0.8528019940083101,0.45300397274585635,0.20747556481509508,2.4055005548017268,3.942225447563783,0.44246368569344463,0.21227850494699965,75000,0,3207,6453,1176,43,1988,836,1654,1500.0,drop,p=0.5,0.5,0
1,map_blind,EKF cooperative,1,False,0.192535032142797,0.14339773035044362,0.10246690370665035,0.44700757637912936,0.7725984046463712,0.12128661378872033,0.06455895116831746,74953,47,3249,6453,1254,0,1995,492,952,1500.0,drop,p=0.5,0.5,1
1,map_blind,EKF cooperative,2,False,0.15294560361108395,0.12476772886634416,0.10638162021118366,0.29749238886714496,0.5773548770196368,0.08573158048681552,0.11585154404723516,75000,0,3249,6453,1254,0,1995,576,1156,1500.0,drop,p=0.5,0.5,1
1,map_blind,EKF cooperative,3,True,0.41938701293846303,0.31428130227468715,0.2207959253840565,0.9343768456205771,1.1210759956894734,0.2227293148458405,0.10254636905204033,75000,0,3249,6453,1254,0,1995,996,1969,1500.0,drop,p=0.5,0.5,1
1,map_blind,EKF cooperative,4,True,0.6089033531295565,0.45937990805347084,0.33837144864280644,1.47901373573626,1.8643975944882367,0.3173437964989142,0.11460513411031212,74931,69,3249,6453,1254,0,1995,358,722,1500.0,drop,p=0.5,0.5,1
1,map_blind,EKF cooperative,5,True,0.3772629420902297,0.2980850949268363,0.22205412017162293,0.8641769013911238,1.0642177290454693,0.4325264889873376,0.3967453289347141,75000,0,3249,6453,1254,0,1995,827,1654,1500.0,drop,p=0.5,0.5,1
1,map_blind,EKF cooperative,1,False,0.1928833990697024,0.14378255552275543,0.10292762239089273,0.447406921585182,0.7726019064281514,0.12128321939410007,0.06441550013312872,74953,47,3223,6453,1255,1,1967,468,952,1500.0,drop,p=0.5,0.5,2
1,map_blind,EKF cooperative,2,False,0.15239469301574246,0.12420795915516644,0.10450443834102095,0.294866618731343,0.5773708169135482,0.08565998291049082,0.11568731588113525,75000,0,3223,6453,1255,1,1967,581,1156,1500.0,drop,p=0.5,0.5,2
1,map_blind,EKF cooperative,3,True,0.4523691460174811,0.3397196507054973,0.23638287562415566,0.9785866666090844,1.4044497278246353,0.22578567208797737,0.07350262284967782,75000,0,3223,6453,1255,1,1967,970,1969,1500.0,drop,p=0.5,0.5,2
1,map_blind,EKF cooperative,4,True,0.6413020197556415,0.48395023923078784,0.3644122774734129,1.5661271208984218,1.9085436268967175,0.3105786861668634,0.13311531259345394,74931,69,3223,6453,1255,1,1967,364,722,1500.0,drop,p=0.5,0.5,2
1,map_blind,EKF cooperative,5,True,0.34548134811810305,0.2721485383740728,0.2039226683743566,0.8506778971556831,1.0102965455375887,0.4189021290006355,0.2981206162308863,75000,0,3223,6453,1255,1,1967,840,1654,1500.0,drop,p=0.5,0.5,2
1,map_blind,EKF cooperative,1,False,0.19063136677137846,0.14291039655183735,0.10279820917746268,0.4330940779662649,0.7726002194292352,0.12131391097027383,0.06467909858336539,74953,47,3195,6453,1270,0,1925,457,952,1500.0,drop,p=0.5,0.5,3
1,map_blind,EKF cooperative,2,False,0.15175072896136113,0.12370901790512923,0.10446654293305899,0.29204944763154184,0.5773536085843889,0.08565421608348536,0.11586581925823447,75000,0,3195,6453,1270,0,1925,567,1156,1500.0,drop,p=0.5,0.5,3
1,map_blind,EKF cooperative,3,True,0.380905394356917,0.2915658803800985,0.2170452625175082,0.8028155194940154,1.3336632059553641,0.23833448836060897,0.08678520504891372,75000,0,3195,6453,1270,0,1925,953,1969,1500.0,drop,p=0.5,0.5,3
1,map_blind,EKF cooperative,4,True,0.5846194022562453,0.4493529396632621,0.32501093480676235,1.290756966148872,1.6537455597531145,0.31470375285822877,0.1115994774655164,74931,69,3195,6453,1270,0,1925,370,722,1500.0,drop,p=0.5,0.5,3
1,map_blind,EKF cooperative,5,True,0.35244255736804364,0.27613241265363947,0.21096094492972048,0.8596082231624687,1.0935741479013121,0.41246631285685875,0.2995101123277728,75000,0,3195,6453,1270,0,1925,848,1654,1500.0,drop,p=0.5,0.5,3
1,map_blind,EKF cooperative,1,False,0.19289924929340613,0.14387475582521486,0.10262509005471165,0.4472451738205392,0.7725978459484507,0.12123551300578754,0.06475373632538366,74953,47,3227,6453,1282,0,1945,472,952,1500.0,drop,p=0.5,0.5,4
1,map_blind,EKF cooperative,2,False,0.1522679537396632,0.12438056924052995,0.10523279265132214,0.29419463125020556,0.5773571645066862,0.08557412636491137,0.11639958719645244,75000,0,3227,6453,1282,0,1945,596,1156,1500.0,drop,p=0.5,0.5,4
1,map_blind,EKF cooperative,3,True,0.4499054038231705,0.3367080780832766,0.24163584657428894,0.9870431350874209,1.2757939906422093,0.23134933218745035,0.16024385964779958,75000,0,3227,6453,1282,0,1945,997,1969,1500.0,drop,p=0.5,0.5,4
1,map_blind,EKF cooperative,4,True,0.626328871598116,0.48131572336407946,0.37413043328568674,1.4810363853699755,1.8808569539046023,0.2993225189401059,0.16804784028947367,74931,69,3227,6453,1282,0,1945,365,722,1500.0,drop,p=0.5,0.5,4
1,map_blind,EKF cooperative,5,True,0.3733811801867797,0.2993648625775615,0.24532828736578066,0.9388270632910247,1.057564622775006,0.42644810516266085,0.3396589908037612,75000,0,3227,6453,1282,0,1945,797,1654,1500.0,drop,p=0.5,0.5,4
1,map_blind,EKF cooperative,1,False,0.19101410332187735,0.1434363485863887,0.10358586291320739,0.43359149235591643,0.7725974796980564,0.12115429922610832,0.06480907693024593,74953,47,1619,6453,693,26,900,250,952,1500.0,drop,p=0.75,0.75,0
1,map_blind,EKF cooperative,2,False,0.15098241915669564,0.12311960989169277,0.10323898960609594,0.28393061246801415,0.5773532197286576,0.08592985375259111,0.11343883032589153,75000,0,1619,6453,693,26,900,317,1156,1500.0,drop,p=0.75,0.75,0
1,map_blind,EKF cooperative,3,True,0.39965319688698087,0.30373127199562155,0.24225186854642367,0.8098002891698675,1.5750778312436038,0.2555101412262491,0.25853427102864535,75000,0,1619,6453,693,26,900,460,1969,1500.0,drop,p=0.75,0.75,0
1,map_blind,EKF cooperative,4,True,1.2276465071527332,0.8251292951555363,0.4711190542411303,2.910418367012907,4.452997057193614,0.6126007910705146,0.17042152128140511,74931,69,1619,6453,693,26,900,175,722,1500.0,drop,p=0.75,0.75,0
1,map_blind,EKF cooperative,5,True,0.4738883772293553,0.3384576348038975,0.23016572237111926,0.9611682629522456,2.5692863608315366,0.44981417667785084,0.4277638137678035,75000,0,1619,6453,693,26,900,417,1654,1500.0,drop,p=0.75,0.75,0
1,map_blind,EKF cooperative,1,False,0.19251250326552283,0.14361963171298914,0.10265445402724563,0.4461190142055058,0.7725962916352013,0.12118696327898384,0.06507170933115797,74953,47,1646,6453,726,13,907,237,952,1500.0,drop,p=0.75,0.75,1
1,map_blind,EKF cooperative,2,False,0.15146405641456334,0.12355675919527546,0.10451168303051168,0.2864481461227566,0.5773563517620632,0.085987089334646,0.11422333628117404,75000,0,1646,6453,726,13,907,309,1156,1500.0,drop,p=0.75,0.75,1
1,map_blind,EKF cooperative,3,True,0.37189816814276155,0.2874026561442091,0.20863141934396984,0.8587500122363639,1.1015375353498096,0.2322679554727497,0.2954545164327421,75000,0,1646,6453,726,13,907,507,1969,1500.0,drop,p=0.75,0.75,1
1,map_blind,EKF cooperative,4,True,1.1598830890274745,0.8460940473512024,0.6166041093795913,2.7039304395841812,4.355626780574436,0.685897909181145,0.12206492478993763,74931,69,1646,6453,726,13,907,177,722,1500.0,drop,p=0.75,0.75,1
1,map_blind,EKF cooperative,5,True,0.5814337590609656,0.374082649406787,0.22884407406974627,1.538732684406455,2.280302288449696,0.4443092697936261,0.48492325222978067,75000,0,1646,6453,726,13,907,416,1654,1500.0,drop,p=0.75,0.75,1
1,map_blind,EKF cooperative,1,False,0.19274474958340565,0.14381998795528322,0.10317832811267823,0.446796717598277,0.7726001018585216,0.12137957135246703,0.06489340303185308,74953,47,1651,6453,708,33,910,235,952,1500.0,drop,p=0.75,0.75,2
1,map_blind,EKF cooperative,2,False,0.15168297678703238,0.1233230874204804,0.1026486640422839,0.2835988777390726,0.5773701235995737,0.08598215961905593,0.11314608567858185,75000,0,1651,6453,708,33,910,316,1156,1500.0,drop,p=0.75,0.75,2
1,map_blind,EKF cooperative,3,True,0.4016806155082128,0.3020111451211773,0.21910002994787148,0.9656360466891599,1.2896732457601534,0.23755901618543662,0.10672728272121348,75000,0,1651,6453,708,33,910,496,1969,1500.0,drop,p=0.75,0.75,2
1,map_blind,EKF cooperative,4,True,1.3841449811432898,0.9358204500852084,0.5548943849955372,3.1461749933264818,4.937439046866464,0.6056604853440642,0.16003700242249716,74931,69,1651,6453,708,33,910,171,722,1500.0,drop,p=0.75,0.75,2
1,map_blind,EKF cooperative,5,True,0.3621303631009679,0.30569439266517495,0.247118802886501,0.6680334482383448,1.3942875849024052,0.4447998316967669,0.4921496477853318,75000,0,1651,6453,708,33,910,433,1654,1500.0,drop,p=0.75,0.75,2
1,map_blind,EKF cooperative,1,False,0.19066239975048282,0.14293491642407408,0.10270263895074548,0.4331232037016031,0.7725979277204263,0.12126367542706645,0.06489857061684604,74953,47,1601,6453,736,0,865,234,952,1500.0,drop,p=0.75,0.75,3
1,map_blind,EKF cooperative,2,False,0.1520706657564192,0.12374964876201634,0.10335702853494977,0.29006048541502677,0.5773461929701961,0.08584777005225214,0.1147563616300433,75000,0,1601,6453,736,0,865,299,1156,1500.0,drop,p=0.75,0.75,3
1,map_blind,EKF cooperative,3,True,0.38238284683551227,0.29700462199325567,0.22935079827956045,0.8526161336143916,1.1845078271226475,0.25779253963861315,0.2446745094129341,75000,0,1601,6453,736,0,865,482,1969,1500.0,drop,p=0.75,0.75,3
1,map_blind,EKF cooperative,4,True,0.6299563798793325,0.4850211310191218,0.35425666517408777,1.38627582901819,1.7810906981130683,0.3647367608412404,0.11433988266566542,74931,69,1601,6453,736,0,865,184,722,1500.0,drop,p=0.75,0.75,3
1,map_blind,EKF cooperative,5,True,0.37127358501280844,0.30602155107319834,0.24600549229026009,0.7642512182037953,1.040233129866673,0.43137509141894037,0.43077939846570507,75000,0,1601,6453,736,0,865,402,1654,1500.0,drop,p=0.75,0.75,3
1,map_blind,EKF cooperative,1,False,0.19073548224788572,0.1429563030711866,0.10262816060128763,0.43361927949977697,0.7725957065832739,0.12106234459064688,0.06506654493778306,74953,47,1630,6453,751,0,879,242,952,1500.0,drop,p=0.75,0.75,4
1,map_blind,EKF cooperative,2,False,0.1515546048083393,0.12374786300630425,0.10386204945403427,0.2921035597527528,0.5773369739221169,0.08572482367634843,0.11526892018095479,75000,0,1630,6453,751,0,879,308,1156,1500.0,drop,p=0.75,0.75,4
1,map_blind,EKF cooperative,3,True,0.43785759521762413,0.33899432705332466,0.24990275970793296,0.9621486858053125,1.2596075475234014,0.24943902714231944,0.3376530612437814,75000,0,1630,6453,751,0,879,486,1969,1500.0,drop,p=0.75,0.75,4
1,map_blind,EKF cooperative,4,True,0.6823936975601246,0.49925441584392455,0.35997905871348496,1.6446048671817635,2.1597908837846203,0.3237797669413069,0.16463163190833463,74931,69,1630,6453,751,0,879,189,722,1500.0,drop,p=0.75,0.75,4
1,map_blind,EKF cooperative,5,True,0.37488650962902115,0.3040661518774808,0.2608089498555426,0.8177737395879302,1.2465768826017498,0.42692201455471807,0.3422197680178199,75000,0,1630,6453,751,0,879,405,1654,1500.0,drop,p=0.75,0.75,4
1,map_blind,EKF cooperative,1,False,0.1910332267057829,0.14343404481837438,0.10356489995272584,0.4337365225956965,0.7725975466773615,0.12118583636751443,0.06500502795529187,74953,47,621,6453,285,8,328,94,952,1500.0,drop,p=0.9,0.9,0
1,map_blind,EKF cooperative,2,False,0.14987145552414546,0.1227784854621138,0.10472555710098803,0.2835833522726734,0.5773511032917584,0.08665152261829535,0.11316389411063711,75000,0,621,6453,285,8,328,135,1156,1500.0,drop,p=0.9,0.9,0
1,map_blind,EKF cooperative,3,True,0.687110039816341,0.47911130091605125,0.25485774850071585,1.5696551671394507,2.3983833569341524,0.43358471775093865,0.30096239440337014,75000,0,621,6453,285,8,328,180,1969,1500.0,drop,p=0.9,0.9,0
1,map_blind,EKF cooperative,4,True,2.2777752651069183,1.6589200175718748,0.9957195992661285,4.887356449161793,5.7829975176824355,0.9618874108599662,0.21651123780177636,74931,69,621,6453,285,8,328,60,722,1500.0,drop,p=0.9,0.9,0
1,map_blind,EKF cooperative,5,True,0.47964271619574,0.3528898137828003,0.2932865569793312,0.8966800485587326,2.817204937986502,0.44355215161547157,0.4416342373161061,75000,0,621,6453,285,8,328,152,1654,1500.0,drop,p=0.9,0.9,0
1,map_blind,EKF cooperative,1,False,0.19096488452905586,0.14321386009146514,0.10285912134715916,0.43374131951830475,0.7725957958799766,0.12130692891385969,0.06530091795110528,74953,47,661,6453,344,0,317,102,952,1500.0,drop,p=0.9,0.9,1
1,map_blind,EKF cooperative,2,False,0.15104114141878575,0.12338042067580744,0.10498931798754046,0.28272023763049525,0.5773318015138991,0.08653839094172545,0.11267065273196467,75000,0,661,6453,344,0,317,119,1156,1500.0,drop,p=0.9,0.9,1
1,map_blind,EKF cooperative,3,True,0.38073750003865475,0.29187698198928963,0.2286872531173824,0.7592797110910093,1.3186643802688056,0.26644364367639567,0.14140937603542358,75000,0,661,6453,344,0,317,199,1969,1500.0,drop,p=0.9,0.9,1
1,map_blind,EKF cooperative,4,True,0.7787290012124483,0.6040507835564005,0.45114165991199234,1.8544511596087074,2.18888185722264,0.40980744717925527,0.14272772169465264,74931,69,661,6453,344,0,317,77,722,1500.0,drop,p=0.9,0.9,1
1,map_blind,EKF cooperative,5,True,0.341198685472241,0.2909209048013218,0.25432752056788877,0.575551341054354,0.7795351129039861,0.44346950225398235,0.508968479546669,75000,0,661,6453,344,0,317,164,1654,1500.0,drop,p=0.9,0.9,1
1,map_blind,EKF cooperative,1,False,0.19242205082671648,0.1439333599416713,0.10303567099913812,0.4442781572531055,0.7725955833006382,0.1213232726411099,0.06516525959028102,74953,47,660,6453,313,10,337,98,952,1500.0,drop,p=0.9,0.9,2
1,map_blind,EKF cooperative,2,False,0.15088709662117075,0.12328974963728882,0.10383029848307454,0.28364519785092573,0.5773326034055741,0.08657651056067123,0.11286200790047134,75000,0,660,6453,313,10,337,133,1156,1500.0,drop,p=0.9,0.9,2
1,map_blind,EKF cooperative,3,True,0.7786778790503148,0.5425677022875994,0.33862538217224136,1.8687053782961955,2.7316820643928854,0.4105341869112924,0.41329468165719424,75000,0,660,6453,313,10,337,182,1969,1500.0,drop,p=0.9,0.9,2
1,map_blind,EKF cooperative,4,True,2.909948118654919,1.9257907187019934,0.8488178603417902,7.015236682070126,7.696314378617934,0.9242599802598086,0.30147500149828776,74931,69,660,6453,313,10,337,60,722,1500.0,drop,p=0.9,0.9,2
1,map_blind,EKF cooperative,5,True,1.3976245934133729,0.7349467306158675,0.31522269612828047,4.325545140562363,6.243563851578425,0.44764691672365653,0.3573913396092912,75000,0,660,6453,313,10,337,187,1654,1500.0,drop,p=0.9,0.9,2
1,map_blind,EKF cooperative,1,False,0.19085985903153338,0.14318286554007453,0.10301873755474135,0.4331232034168722,0.772596291642512,0.12134416531537388,0.06515477583364523,74953,47,661,6453,320,6,335,98,952,1500.0,drop,p=0.9,0.9,3
1,map_blind,EKF cooperative,2,False,0.15159269963873484,0.12371132239309716,0.10424498272516125,0.28324801745781975,0.5773410688815247,0.08620128358886917,0.11378580384344074,75000,0,661,6453,320,6,335,129,1156,1500.0,drop,p=0.9,0.9,3
1,map_blind,EKF cooperative,3,True,0.3717944112342163,0.29873265412576877,0.23651409091093162,0.7761185654226753,1.115364412803892,0.25732466227848017,0.19923694867297412,75000,0,661,6453,320,6,335,204,1969,1500.0,drop,p=0.9,0.9,3
1,map_blind,EKF cooperative,4,True,1.563394530569475,1.1592098507142057,0.8865488237048863,3.1771200234546955,5.763233630918542,0.7972385733416208,0.11760026357467619,74931,69,661,6453,320,6,335,69,722,1500.0,drop,p=0.9,0.9,3
1,map_blind,EKF cooperative,5,True,0.3573286811372285,0.2998743921073525,0.25054095646807545,0.6690583979815554,1.2098690042476514,0.4606915010457128,0.5546355437486563,75000,0,661,6453,320,6,335,161,1654,1500.0,drop,p=0.9,0.9,3
1,map_blind,EKF cooperative,1,False,0.19087189919066183,0.14312466026614754,0.10271182891989347,0.433630196660145,0.7725950455751888,0.12110476885682687,0.06518890323820138,74953,47,657,6453,351,5,301,99,952,1500.0,drop,p=0.9,0.9,4
1,map_blind,EKF cooperative,2,False,0.1512051863289672,0.12345216741970183,0.10410784430703657,0.2848123028338704,0.5773282368954655,0.08638253569463193,0.11331168256345919,75000,0,657,6453,351,5,301,109,1156,1500.0,drop,p=0.9,0.9,4
1,map_blind,EKF cooperative,3,True,0.502433607393531,0.37638750756099876,0.2981887209270675,0.9405650657968,2.045014643753544,0.33863668482058884,0.2325279730308305,75000,0,657,6453,351,5,301,201,1969,1500.0,drop,p=0.9,0.9,4
1,map_blind,EKF cooperative,4,True,1.6818720069535125,1.1879692932918942,0.9133981110754243,3.446450538473813,6.670587240136132,1.1208182578827628,0.328170536470664,74931,69,657,6453,351,5,301,73,722,1500.0,drop,p=0.9,0.9,4
1,map_blind,EKF cooperative,5,True,0.41978521011799863,0.2961747751756846,0.23542062733086158,0.6356876421593862,2.776518399860219,0.43881859682810126,0.4221643591531073,75000,0,657,6453,351,5,301,175,1654,1500.0,drop,p=0.9,0.9,4
1,map_blind,EKF cooperative,1,False,0.19110471022122819,0.14343482838011629,0.10294867096133316,0.4337395616678031,0.772595051329243,0.12139241651158325,0.06526327175616245,74953,47,0,6453,0,0,0,0,952,1500.0,drop,p=1,1.0,0
1,map_blind,EKF cooperative,2,False,0.1501975630548997,0.12332252679517818,0.10540344611832313,0.2858203215605176,0.5773263232105508,0.08704283970379022,0.11239692869763396,75000,0,0,6453,0,0,0,0,1156,1500.0,drop,p=1,1.0,0
1,map_blind,EKF cooperative,3,True,6.454994214424672,5.220438533132711,5.445749467829375,10.158655279516811,11.36065091831298,1.89702069554796,9.943448062549917,75000,0,0,6453,0,0,0,0,1969,1500.0,drop,p=1,1.0,0
1,map_blind,EKF cooperative,4,True,1.628764221713688,1.3186158191062103,1.2321303301850686,2.9543333947829646,4.22442029000526,0.5026970844334483,0.20180090148954746,74931,69,0,6453,0,0,0,0,722,1500.0,drop,p=1,1.0,0
1,map_blind,EKF cooperative,5,True,6.4251051739885146,5.79685595586484,6.92381718136196,9.857549919796986,10.586984622460887,1.0888727032904675,7.858276707242674,75000,0,0,6453,0,0,0,0,1654,1500.0,drop,p=1,1.0,0
1,map_blind,EKF cooperative,1,False,0.19110471022122819,0.14343482838011629,0.10294867096133316,0.4337395616678031,0.772595051329243,0.12139241651158325,0.06526327175616245,74953,47,0,6453,0,0,0,0,952,1500.0,drop,p=1,1.0,1
1,map_blind,EKF cooperative,2,False,0.1501975630548997,0.12332252679517818,0.10540344611832313,0.2858203215605176,0.5773263232105508,0.08704283970379022,0.11239692869763396,75000,0,0,6453,0,0,0,0,1156,1500.0,drop,p=1,1.0,1
1,map_blind,EKF cooperative,3,True,6.454994214424672,5.220438533132711,5.445749467829375,10.158655279516811,11.36065091831298,1.89702069554796,9.943448062549917,75000,0,0,6453,0,0,0,0,1969,1500.0,drop,p=1,1.0,1
1,map_blind,EKF cooperative,4,True,1.628764221713688,1.3186158191062103,1.2321303301850686,2.9543333947829646,4.22442029000526,0.5026970844334483,0.20180090148954746,74931,69,0,6453,0,0,0,0,722,1500.0,drop,p=1,1.0,1
1,map_blind,EKF cooperative,5,True,6.4251051739885146,5.79685595586484,6.92381718136196,9.857549919796986,10.586984622460887,1.0888727032904675,7.858276707242674,75000,0,0,6453,0,0,0,0,1654,1500.0,drop,p=1,1.0,1
1,map_blind,EKF cooperative,1,False,0.19110471022122819,0.14343482838011629,0.10294867096133316,0.4337395616678031,0.772595051329243,0.12139241651158325,0.06526327175616245,74953,47,0,6453,0,0,0,0,952,1500.0,drop,p=1,1.0,2
1,map_blind,EKF cooperative,2,False,0.1501975630548997,0.12332252679517818,0.10540344611832313,0.2858203215605176,0.5773263232105508,0.08704283970379022,0.11239692869763396,75000,0,0,6453,0,0,0,0,1156,1500.0,drop,p=1,1.0,2
1,map_blind,EKF cooperative,3,True,6.454994214424672,5.220438533132711,5.445749467829375,10.158655279516811,11.36065091831298,1.89702069554796,9.943448062549917,75000,0,0,6453,0,0,0,0,1969,1500.0,drop,p=1,1.0,2
1,map_blind,EKF cooperative,4,True,1.628764221713688,1.3186158191062103,1.2321303301850686,2.9543333947829646,4.22442029000526,0.5026970844334483,0.20180090148954746,74931,69,0,6453,0,0,0,0,722,1500.0,drop,p=1,1.0,2
1,map_blind,EKF cooperative,5,True,6.4251051739885146,5.79685595586484,6.92381718136196,9.857549919796986,10.586984622460887,1.0888727032904675,7.858276707242674,75000,0,0,6453,0,0,0,0,1654,1500.0,drop,p=1,1.0,2
1,map_blind,EKF cooperative,1,False,0.19110471022122819,0.14343482838011629,0.10294867096133316,0.4337395616678031,0.772595051329243,0.12139241651158325,0.06526327175616245,74953,47,0,6453,0,0,0,0,952,1500.0,drop,p=1,1.0,3
1,map_blind,EKF cooperative,2,False,0.1501975630548997,0.12332252679517818,0.10540344611832313,0.2858203215605176,0.5773263232105508,0.08704283970379022,0.11239692869763396,75000,0,0,6453,0,0,0,0,1156,1500.0,drop,p=1,1.0,3
1,map_blind,EKF cooperative,3,True,6.454994214424672,5.220438533132711,5.445749467829375,10.158655279516811,11.36065091831298,1.89702069554796,9.943448062549917,75000,0,0,6453,0,0,0,0,1969,1500.0,drop,p=1,1.0,3
1,map_blind,EKF cooperative,4,True,1.628764221713688,1.3186158191062103,1.2321303301850686,2.9543333947829646,4.22442029000526,0.5026970844334483,0.20180090148954746,74931,69,0,6453,0,0,0,0,722,1500.0,drop,p=1,1.0,3
1,map_blind,EKF cooperative,5,True,6.4251051739885146,5.79685595586484,6.92381718136196,9.857549919796986,10.586984622460887,1.0888727032904675,7.858276707242674,75000,0,0,6453,0,0,0,0,1654,1500.0,drop,p=1,1.0,3
1,map_blind,EKF cooperative,1,False,0.19110471022122819,0.14343482838011629,0.10294867096133316,0.4337395616678031,0.772595051329243,0.12139241651158325,0.06526327175616245,74953,47,0,6453,0,0,0,0,952,1500.0,drop,p=1,1.0,4
1,map_blind,EKF cooperative,2,False,0.1501975630548997,0.12332252679517818,0.10540344611832313,0.2858203215605176,0.5773263232105508,0.08704283970379022,0.11239692869763396,75000,0,0,6453,0,0,0,0,1156,1500.0,drop,p=1,1.0,4
1,map_blind,EKF cooperative,3,True,6.454994214424672,5.220438533132711,5.445749467829375,10.158655279516811,11.36065091831298,1.89702069554796,9.943448062549917,75000,0,0,6453,0,0,0,0,1969,1500.0,drop,p=1,1.0,4
1,map_blind,EKF cooperative,4,True,1.628764221713688,1.3186158191062103,1.2321303301850686,2.9543333947829646,4.22442029000526,0.5026970844334483,0.20180090148954746,74931,69,0,6453,0,0,0,0,722,1500.0,drop,p=1,1.0,4
1,map_blind,EKF cooperative,5,True,6.4251051739885146,5.79685595586484,6.92381718136196,9.857549919796986,10.586984622460887,1.0888727032904675,7.858276707242674,75000,0,0,6453,0,0,0,0,1654,1500.0,drop,p=1,1.0,4
2,full_map,EKF cooperative,1,False,0.17163617284728605,0.11729382005194113,0.07070364691305919,0.34231383013733996,0.7459206489852256,0.08067430008963218,0.08792222061253122,93068,0,8793,8793,3594,1,5198,1884,1884,1861.3600000000001,drop,p=0,0.0,0
2,full_map,EKF cooperative,2,False,0.17728028103771945,0.14251161283152194,0.11275169044936173,0.35010003341759927,0.6725744107422235,0.07668118669904665,0.20671201465630412,92989,79,8793,8793,3594,1,5198,1684,1684,1861.3600000000001,drop,p=0,0.0,0
2,full_map,EKF cooperative,3,False,0.15311123499194104,0.11579245963785946,0.08378824649553787,0.31427474676817774,0.6534084790051813,0.0755787959527642,0.15092854233587724,93068,0,8793,8793,3594,1,5198,2108,2108,1861.3600000000001,drop,p=0,0.0,0
2,full_map,EKF cooperative,4,False,0.25678690805605214,0.211031203385634,0.16964415556218668,0.47711497903160777,0.9999728159756811,0.1913359003633604,0.30065866403690944,93036,32,8793,8793,3594,1,5198,1030,1030,1861.3600000000001,drop,p=0,0.0,0
2,full_map,EKF cooperative,5,False,0.17193859706291711,0.13098348453361416,0.10296119133003587,0.3728276655766986,0.7743514366007044,0.07243062837448205,0.062411791564957596,93068,0,8793,8793,3594,1,5198,2087,2087,1861.3600000000001,drop,p=0,0.0,0
2,full_map,EKF cooperative,1,False,0.17163617284728605,0.11729382005194113,0.07070364691305919,0.34231383013733996,0.7459206489852256,0.08067430008963218,0.08792222061253122,93068,0,8793,8793,3594,1,5198,1884,1884,1861.3600000000001,drop,p=0,0.0,1
2,full_map,EKF cooperative,2,False,0.17728028103771945,0.14251161283152194,0.11275169044936173,0.35010003341759927,0.6725744107422235,0.07668118669904665,0.20671201465630412,92989,79,8793,8793,3594,1,5198,1684,1684,1861.3600000000001,drop,p=0,0.0,1
2,full_map,EKF cooperative,3,False,0.15311123499194104,0.11579245963785946,0.08378824649553787,0.31427474676817774,0.6534084790051813,0.0755787959527642,0.15092854233587724,93068,0,8793,8793,3594,1,5198,2108,2108,1861.3600000000001,drop,p=0,0.0,1
2,full_map,EKF cooperative,4,False,0.25678690805605214,0.211031203385634,0.16964415556218668,0.47711497903160777,0.9999728159756811,0.1913359003633604,0.30065866403690944,93036,32,8793,8793,3594,1,5198,1030,1030,1861.3600000000001,drop,p=0,0.0,1
2,full_map,EKF cooperative,5,False,0.17193859706291711,0.13098348453361416,0.10296119133003587,0.3728276655766986,0.7743514366007044,0.07243062837448205,0.062411791564957596,93068,0,8793,8793,3594,1,5198,2087,2087,1861.3600000000001,drop,p=0,0.0,1
2,full_map,EKF cooperative,1,False,0.17163617284728605,0.11729382005194113,0.07070364691305919,0.34231383013733996,0.7459206489852256,0.08067430008963218,0.08792222061253122,93068,0,8793,8793,3594,1,5198,1884,1884,1861.3600000000001,drop,p=0,0.0,2
2,full_map,EKF cooperative,2,False,0.17728028103771945,0.14251161283152194,0.11275169044936173,0.35010003341759927,0.6725744107422235,0.07668118669904665,0.20671201465630412,92989,79,8793,8793,3594,1,5198,1684,1684,1861.3600000000001,drop,p=0,0.0,2
2,full_map,EKF cooperative,3,False,0.15311123499194104,0.11579245963785946,0.08378824649553787,0.31427474676817774,0.6534084790051813,0.0755787959527642,0.15092854233587724,93068,0,8793,8793,3594,1,5198,2108,2108,1861.3600000000001,drop,p=0,0.0,2
2,full_map,EKF cooperative,4,False,0.25678690805605214,0.211031203385634,0.16964415556218668,0.47711497903160777,0.9999728159756811,0.1913359003633604,0.30065866403690944,93036,32,8793,8793,3594,1,5198,1030,1030,1861.3600000000001,drop,p=0,0.0,2
2,full_map,EKF cooperative,5,False,0.17193859706291711,0.13098348453361416,0.10296119133003587,0.3728276655766986,0.7743514366007044,0.07243062837448205,0.062411791564957596,93068,0,8793,8793,3594,1,5198,2087,2087,1861.3600000000001,drop,p=0,0.0,2
2,full_map,EKF cooperative,1,False,0.17163617284728605,0.11729382005194113,0.07070364691305919,0.34231383013733996,0.7459206489852256,0.08067430008963218,0.08792222061253122,93068,0,8793,8793,3594,1,5198,1884,1884,1861.3600000000001,drop,p=0,0.0,3
2,full_map,EKF cooperative,2,False,0.17728028103771945,0.14251161283152194,0.11275169044936173,0.35010003341759927,0.6725744107422235,0.07668118669904665,0.20671201465630412,92989,79,8793,8793,3594,1,5198,1684,1684,1861.3600000000001,drop,p=0,0.0,3
2,full_map,EKF cooperative,3,False,0.15311123499194104,0.11579245963785946,0.08378824649553787,0.31427474676817774,0.6534084790051813,0.0755787959527642,0.15092854233587724,93068,0,8793,8793,3594,1,5198,2108,2108,1861.3600000000001,drop,p=0,0.0,3
2,full_map,EKF cooperative,4,False,0.25678690805605214,0.211031203385634,0.16964415556218668,0.47711497903160777,0.9999728159756811,0.1913359003633604,0.30065866403690944,93036,32,8793,8793,3594,1,5198,1030,1030,1861.3600000000001,drop,p=0,0.0,3
2,full_map,EKF cooperative,5,False,0.17193859706291711,0.13098348453361416,0.10296119133003587,0.3728276655766986,0.7743514366007044,0.07243062837448205,0.062411791564957596,93068,0,8793,8793,3594,1,5198,2087,2087,1861.3600000000001,drop,p=0,0.0,3
2,full_map,EKF cooperative,1,False,0.17163617284728605,0.11729382005194113,0.07070364691305919,0.34231383013733996,0.7459206489852256,0.08067430008963218,0.08792222061253122,93068,0,8793,8793,3594,1,5198,1884,1884,1861.3600000000001,drop,p=0,0.0,4
2,full_map,EKF cooperative,2,False,0.17728028103771945,0.14251161283152194,0.11275169044936173,0.35010003341759927,0.6725744107422235,0.07668118669904665,0.20671201465630412,92989,79,8793,8793,3594,1,5198,1684,1684,1861.3600000000001,drop,p=0,0.0,4
2,full_map,EKF cooperative,3,False,0.15311123499194104,0.11579245963785946,0.08378824649553787,0.31427474676817774,0.6534084790051813,0.0755787959527642,0.15092854233587724,93068,0,8793,8793,3594,1,5198,2108,2108,1861.3600000000001,drop,p=0,0.0,4
2,full_map,EKF cooperative,4,False,0.25678690805605214,0.211031203385634,0.16964415556218668,0.47711497903160777,0.9999728159756811,0.1913359003633604,0.30065866403690944,93036,32,8793,8793,3594,1,5198,1030,1030,1861.3600000000001,drop,p=0,0.0,4
2,full_map,EKF cooperative,5,False,0.17193859706291711,0.13098348453361416,0.10296119133003587,0.3728276655766986,0.7743514366007044,0.07243062837448205,0.062411791564957596,93068,0,8793,8793,3594,1,5198,2087,2087,1861.3600000000001,drop,p=0,0.0,4
2,full_map,EKF cooperative,1,False,0.1707858381484019,0.11664489794645547,0.07070582409282676,0.34138220217449383,0.7459266751235767,0.08065905014679645,0.08711520850215172,93068,0,6545,8793,2789,1,3755,1395,1884,1861.3600000000001,drop,p=0.25,0.25,0
2,full_map,EKF cooperative,2,False,0.17748958527481223,0.1429395342517133,0.11363338458538683,0.34837410036892796,0.6710165146067866,0.07651091794785275,0.18155170836791876,92989,79,6545,8793,2789,1,3755,1243,1684,1861.3600000000001,drop,p=0.25,0.25,0
2,full_map,EKF cooperative,3,False,0.15207170792387467,0.1150495828103828,0.08369725962057313,0.3110138305885707,0.6600934274826696,0.07577367349957291,0.15230608663554446,93068,0,6545,8793,2789,1,3755,1561,2108,1861.3600000000001,drop,p=0.25,0.25,0
2,full_map,EKF cooperative,4,False,0.2553885215746009,0.2098065333983977,0.16963544773267458,0.47857645658731873,0.9992221633322231,0.19093392426367173,0.29087695847538186,93036,32,6545,8793,2789,1,3755,769,1030,1861.3600000000001,drop,p=0.25,0.25,0
2,full_map,EKF cooperative,5,False,0.17190399352229105,0.1312707948164382,0.10340032550993432,0.371957264262908,0.7743515500579551,0.07225211566976536,0.06142241122456187,93068,0,6545,8793,2789,1,3755,1577,2087,1861.3600000000001,drop,p=0.25,0.25,0
2,full_map,EKF cooperative,1,False,0.1705118859355847,0.11667671322944405,0.07111673778751029,0.34189279754112745,0.7453778290225692,0.08067502553218132,0.08695665845783088,93068,0,6627,8793,2825,1,3801,1401,1884,1861.3600000000001,drop,p=0.25,0.25,1
2,full_map,EKF cooperative,2,False,0.17757446670376778,0.14284722498775004,0.11275283023478089,0.3499379237376297,0.6733387013939349,0.07687069031325706,0.2052161880819501,92989,79,6627,8793,2825,1,3801,1291,1684,1861.3600000000001,drop,p=0.25,0.25,1
2,full_map,EKF cooperative,3,False,0.14795034766521215,0.11306849480236665,0.08342526259629311,0.3108055745903147,0.5837458660405591,0.07526190825949743,0.15097416794364008,93068,0,6627,8793,2825,1,3801,1569,2108,1861.3600000000001,drop,p=0.25,0.25,1
2,full_map,EKF cooperative,4,False,0.25676263029186686,0.2104101655835632,0.1694736385459502,0.4796439429554825,1.008451880633543,0.1909860429595162,0.2892839051822291,93036,32,6627,8793,2825,1,3801,786,1030,1861.3600000000001,drop,p=0.25,0.25,1
2,full_map,EKF cooperative,5,False,0.1716330362473908,0.13094343081700643,0.1027223432046902,0.3717775281864866,0.774351449883821,0.07225493150588728,0.06212792599334209,93068,0,6627,8793,2825,1,3801,1580,2087,1861.3600000000001,drop,p=0.25,0.25,1
2,full_map,EKF cooperative,1,False,0.17105219799993596,0.11715771991839058,0.0714167566808409,0.34097012142107586,0.7451217913803907,0.08084562548547763,0.08797294900589415,93068,0,6566,8793,2803,1,3762,1398,1884,1861.3600000000001,drop,p=0.25,0.25,2
2,full_map,EKF cooperative,2,False,0.17773699289545694,0.1428724280207634,0.11321153894552283,0.34883091202189387,0.6725353398929776,0.07674937129396416,0.17924087762811441,92989,79,6566,8793,2803,1,3762,1243,1684,1861.3600000000001,drop,p=0.25,0.25,2
2,full_map,EKF cooperative,3,False,0.148198222393982,0.11380172805243834,0.08428396896133397,0.3067588732161232,0.5769429335212886,0.07519012696186025,0.15477826764869704,93068,0,6566,8793,2803,1,3762,1603,2108,1861.3600000000001,drop,p=0.25,0.25,2
2,full_map,EKF cooperative,4,False,0.25443819309688637,0.20851382530485116,0.16904279649969534,0.48195865521332687,0.9930179026072989,0.19041546935404846,0.282555589832737,93036,32,6566,8793,2803,1,3762,758,1030,1861.3600000000001,drop,p=0.25,0.25,2
2,full_map,EKF cooperative,5,False,0.17157804186030018,0.13075906576870516,0.10305690336461426,0.37208076486511943,0.7743515293147045,0.07240618654093046,0.061077083576648684,93068,0,6566,8793,2803,1,3762,1564,2087,1861.3600000000001,drop,p=0.25,0.25,2
2,full_map,EKF cooperative,1,False,0.17120181079441715,0.11711592976114496,0.070785643457701,0.3442043893906125,0.745940340086012,0.08121603140596644,0.08752738909018523,93068,0,6527,8793,2784,1,3742,1396,1884,1861.3600000000001,drop,p=0.25,0.25,3
2,full_map,EKF cooperative,2,False,0.17681440424516218,0.142156372843264,0.11102692228012256,0.3475591934886309,0.6735523322724438,0.07652665184369159,0.19009271199472297,92989,79,6527,8793,2784,1,3742,1242,1684,1861.3600000000001,drop,p=0.25,0.25,3
2,full_map,EKF cooperative,3,False,0.148939443084729,0.11426818037039763,0.08500950983429753,0.3088253081417269,0.5901865618258431,0.07540117547795491,0.15403118338776622,93068,0,6527,8793,2784,1,3742,1538,2108,1861.3600000000001,drop,p=0.25,0.25,3
2,full_map,EKF cooperative,4,False,0.2573977295790194,0.21093556598276242,0.17037159563686716,0.48076063980908634,1.00853682480712,0.19128609102758112,0.286420773198341,93036,32,6527,8793,2784,1,3742,776,1030,1861.3600000000001,drop,p=0.25,0.25,3
2,full_map,EKF cooperative,5,False,0.17221309998843676,0.13147767663743548,0.1035340202739784,0.372773059212996,0.7743515419994756,0.07236559305469918,0.061126383594403595,93068,0,6527,8793,2784,1,3742,1575,2087,1861.3600000000001,drop,p=0.25,0.25,3
2,full_map,EKF cooperative,1,False,0.17042717588501685,0.11633027943284571,0.07072612337457439,0.34311835748291053,0.7463066519892729,0.08061997714656569,0.08771875108725505,93068,0,6617,8793,2827,1,3789,1415,1884,1861.3600000000001,drop,p=0.25,0.25,4
2,full_map,EKF cooperative,2,False,0.1773468884157947,0.14238768099902263,0.11263810096991254,0.3510255613224969,0.6724088077610578,0.07676007883829464,0.1739678942569754,92989,79,6617,8793,2827,1,3789,1274,1684,1861.3600000000001,drop,p=0.25,0.25,4
2,full_map,EKF cooperative,3,False,0.15249225452341547,0.11492901179304438,0.08295113109902899,0.31687767771853187,0.6600019058568086,0.07562327060960769,0.15234079900195968,93068,0,6617,8793,2827,1,3789,1586,2108,1861.3600000000001,drop,p=0.25,0.25,4
2,full_map,EKF cooperative,4,False,0.25462668347201933,0.2095648037206226,0.16987991397851426,0.47818534691310677,0.9796733731056424,0.19075652572198265,0.29751115264611805,93036,32,6617,8793,2827,1,3789,786,1030,1861.3600000000001,drop,p=0.25,0.25,4
2,full_map,EKF cooperative,5,False,0.17163891254322478,0.13098512367233345,0.10327837659356738,0.3717120943244842,0.7743515210350358,0.07222677849766648,0.061754008031689206,93068,0,6617,8793,2827,1,3789,1556,2087,1861.3600000000001,drop,p=0.25,0.25,4
2,full_map,EKF cooperative,1,False,0.16989542765543403,0.11605051201794575,0.07114388343763103,0.3423135973749162,0.7449426563998505,0.08051014557245288,0.08796236304335117,93068,0,4382,8793,1980,0,2402,925,1884,1861.3600000000001,drop,p=0.5,0.5,0
2,full_map,EKF cooperative,2,False,0.178050159933794,0.1435511828264875,0.11475721793197308,0.3483037199392281,0.6738742792935929,0.07683757815520804,0.23648871380529296,92989,79,4382,8793,1980,0,2402,834,1684,1861.3600000000001,drop,p=0.5,0.5,0
2,full_map,EKF cooperative,3,False,0.151739452279182,0.11433698022262972,0.08320893328061002,0.3134502442436159,0.6614777068090694,0.0762299117522337,0.1561408983624714,93068,0,4382,8793,1980,0,2402,1045,2108,1861.3600000000001,drop,p=0.5,0.5,0
2,full_map,EKF cooperative,4,False,0.25588143241551087,0.20893509224656,0.1676000774614593,0.48838853621171585,1.008109337465928,0.1903032869868207,0.2800131531177304,93036,32,4382,8793,1980,0,2402,519,1030,1861.3600000000001,drop,p=0.5,0.5,0
2,full_map,EKF cooperative,5,False,0.17168440273180427,0.13145541009526343,0.10395528112672339,0.37257199988132117,0.7743516782570729,0.07220781857996772,0.05917576804441174,93068,0,4382,8793,1980,0,2402,1059,2087,1861.3600000000001,drop,p=0.5,0.5,0
2,full_map,EKF cooperative,1,False,0.17002273051529665,0.11649200343551407,0.07175656454407506,0.34123002351084153,0.7449304093003303,0.08050236948379502,0.0860810052774782,93068,0,4456,8793,1976,15,2465,941,1884,1861.3600000000001,drop,p=0.5,0.5,1
2,full_map,EKF cooperative,2,False,0.1794911672070732,0.14425457088666047,0.11446354765830286,0.3500868604093484,0.674893611637169,0.0776817002107866,0.2338573473018057,92989,79,4456,8793,1976,15,2465,847,1684,1861.3600000000001,drop,p=0.5,0.5,1
2,full_map,EKF cooperative,3,False,0.14755648708395883,0.1130653522496453,0.08349999293493902,0.31242852699384505,0.5821919448807421,0.07519318291426767,0.15183663743019835,93068,0,4456,8793,1976,15,2465,1067,2108,1861.3600000000001,drop,p=0.5,0.5,1
2,full_map,EKF cooperative,4,False,0.2531260344239986,0.20719847416652087,0.16826018768354636,0.4652274359808666,1.008465691673402,0.1903029396647448,0.2668844792587896,93036,32,4456,8793,1976,15,2465,545,1030,1861.3600000000001,drop,p=0.5,0.5,1
2,full_map,EKF cooperative,5,False,0.17153843568573146,0.13113998656970569,0.10309250966972341,0.3727034816427758,0.7743515435306717,0.07217478218807888,0.06158455730690517,93068,0,4456,8793,1976,15,2465,1056,2087,1861.3600000000001,drop,p=0.5,0.5,1
2,full_map,EKF cooperative,1,False,0.17114871429631162,0.11717725195096587,0.07219809341969496,0.3465602526521056,0.7453094787781595,0.08101627204363428,0.08817149117707783,93068,0,4357,8793,1897,14,2446,962,1884,1861.3600000000001,drop,p=0.5,0.5,2
2,full_map,EKF cooperative,2,False,0.18052315615807454,0.14410402431763675,0.11336568791887164,0.3506878407654699,0.673538810136766,0.07681061337426973,0.2401936579102844,92989,79,4357,8793,1897,14,2446,820,1684,1861.3600000000001,drop,p=0.5,0.5,2
2,full_map,EKF cooperative,3,False,0.15127335564260966,0.11402550004435136,0.08361744723957418,0.3179957722192881,0.6599180853468849,0.07581789506905111,0.1591186777256125,93068,0,4357,8793,1897,14,2446,1044,2108,1861.3600000000001,drop,p=0.5,0.5,2
2,full_map,EKF cooperative,4,False,0.25564236193667367,0.20815324495556675,0.1682201692811603,0.49913068377178704,0.9928449244361136,0.18996883093663663,0.27105702407328014,93036,32,4357,8793,1897,14,2446,480,1030,1861.3600000000001,drop,p=0.5,0.5,2
2,full_map,EKF cooperative,5,False,0.17167170837795445,0.13113589130954179,0.10390287077213992,0.3735971260636266,0.7743515928912449,0.07222647653769276,0.06009025292341985,93068,0,4357,8793,1897,14,2446,1051,2087,1861.3600000000001,drop,p=0.5,0.5,2
2,full_map,EKF cooperative,1,False,0.17168785219917518,0.11769632584031565,0.07203042972390293,0.35002486294518703,0.7459906562113098,0.08190937872893843,0.08645219579886407,93068,0,4353,8793,1945,11,2397,949,1884,1861.3600000000001,drop,p=0.5,0.5,3
2,full_map,EKF cooperative,2,False,0.17771607486449428,0.14259345508920448,0.11195252959380726,0.34835109901409217,0.6737613288581178,0.07726831855666112,0.18075903780820876,92989,79,4353,8793,1945,11,2397,879,1684,1861.3600000000001,drop,p=0.5,0.5,3
2,full_map,EKF cooperative,3,False,0.1505230809625802,0.11390584715601762,0.08323645468583002,0.313717809749013,0.6446360679885078,0.07567867460197061,0.15778712222524055,93068,0,4353,8793,1945,11,2397,1012,2108,1861.3600000000001,drop,p=0.5,0.5,3
2,full_map,EKF cooperative,4,False,0.2582979903627686,0.21080757803481623,0.17007602497392876,0.49329319570271835,1.0026633867632482,0.19073389404611482,0.26832454147302603,93036,32,4353,8793,1945,11,2397,503,1030,1861.3600000000001,drop,p=0.5,0.5,3
2,full_map,EKF cooperative,5,False,0.17180728788492633,0.13154734131429796,0.10360158505575232,0.37444074201989086,0.7743516206911931,0.07233434557085497,0.0592822970046288,93068,0,4353,8793,1945,11,2397,1010,2087,1861.3600000000001,drop,p=0.5,0.5,3
2,full_map,EKF cooperative,1,False,0.1702966275178595,0.11684995903467513,0.07157967094671991,0.34131651566932175,0.7451174497099532,0.08477511007036828,0.08733092252386743,93068,0,4393,8793,1939,10,2444,942,1884,1861.3600000000001,drop,p=0.5,0.5,4
2,full_map,EKF cooperative,2,False,0.17850273857857674,0.14319362214852807,0.1131593813877732,0.352045805508066,0.6752344854575053,0.07750150885953667,0.20729866346100095,92989,79,4393,8793,1939,10,2444,847,1684,1861.3600000000001,drop,p=0.5,0.5,4
2,full_map,EKF cooperative,3,False,0.15058045866156486,0.11336219645924119,0.08189759145621567,0.3163991391312593,0.6582022794656428,0.07569072269319567,0.15655295168635155,93068,0,4393,8793,1939,10,2444,1027,2108,1861.3600000000001,drop,p=0.5,0.5,4
2,full_map,EKF cooperative,4,False,0.25430203308576055,0.20883837822986875,0.17043133485749537,0.46390026081753705,0.9789912915005378,0.19056702434038206,0.29065452542021114,93036,32,4393,8793,1939,10,2444,512,1030,1861.3600000000001,drop,p=0.5,0.5,4
2,full_map,EKF cooperative,5,False,0.1713254792677025,0.13104139380681665,0.10391273750616477,0.37322974326630076,0.7743516794887517,0.07234574181093584,0.06007873312530396,93068,0,4393,8793,1939,10,2444,1065,2087,1861.3600000000001,drop,p=0.5,0.5,4
2,full_map,EKF cooperative,1,False,0.1702618793919738,0.11621335754008828,0.07043705826181758,0.3467282384056193,0.7452925160255435,0.08052920333148503,0.08681420791623243,93068,0,2195,8793,1020,8,1167,464,1884,1861.3600000000001,drop,p=0.75,0.75,0
2,full_map,EKF cooperative,2,False,0.18004088836115953,0.14446915041085626,0.11340558205510508,0.36578400775130276,0.671816336752493,0.07741439598757976,0.23411290892638237,92989,79,2195,8793,1020,8,1167,400,1684,1861.3600000000001,drop,p=0.75,0.75,0
2,full_map,EKF cooperative,3,False,0.15277823147154374,0.11485769833971118,0.08385493703440203,0.3235951995895369,0.6650178793555985,0.07681310613546982,0.16126072825616838,93068,0,2195,8793,1020,8,1167,523,2108,1861.3600000000001,drop,p=0.75,0.75,0
2,full_map,EKF cooperative,4,False,0.2576463810909247,0.2081275789156658,0.1668245827458636,0.5086672571380562,1.008327095549378,0.18913804617928712,0.2514012512819342,93036,32,2195,8793,1020,8,1167,244,1030,1861.3600000000001,drop,p=0.75,0.75,0
2,full_map,EKF cooperative,5,False,0.17174072013195113,0.1317936437471634,0.10397672452950796,0.37405178680504186,0.7743516772279142,0.07329712176635177,0.057220269576690706,93068,0,2195,8793,1020,8,1167,564,2087,1861.3600000000001,drop,p=0.75,0.75,0
2,full_map,EKF cooperative,1,False,0.1707221198004006,0.11704483749922671,0.07227265001129649,0.3448471063446546,0.7461989794715824,0.08139694128493756,0.08730337856293802,93068,0,2238,8793,1064,8,1166,463,1884,1861.3600000000001,drop,p=0.75,0.75,1
2,full_map,EKF cooperative,2,False,0.17946975294139372,0.14429711218901403,0.11569880899965387,0.35116036242876475,0.6743243466855677,0.07957502272788607,0.24055929799167727,92989,79,2238,8793,1064,8,1166,395,1684,1861.3600000000001,drop,p=0.75,0.75,1
2,full_map,EKF cooperative,3,False,0.15138619114785948,0.1138027444380744,0.08232496276419893,0.320526560033662,0.6567904435512067,0.0760529305425605,0.15849246902367042,93068,0,2238,8793,1064,8,1166,546,2108,1861.3600000000001,drop,p=0.75,0.75,1
2,full_map,EKF cooperative,4,False,0.25683492167006533,0.20732863194170764,0.1649384690507057,0.5152163060000483,1.0027439505568054,0.1885335724679125,0.2547510022680623,93036,32,2238,8793,1064,8,1166,288,1030,1861.3600000000001,drop,p=0.75,0.75,1
2,full_map,EKF cooperative,5,False,0.17201191173557018,0.13202981919647583,0.10504686019317128,0.37463684119932084,0.7743516895405897,0.07281595313016707,0.061416371081524285,93068,0,2238,8793,1064,8,1166,546,2087,1861.3600000000001,drop,p=0.75,0.75,1
2,full_map,EKF cooperative,1,False,0.1718764641765841,0.11750270874080002,0.0716230028324544,0.36099179587314467,0.7453380475051133,0.08273842919849686,0.0890590859701174,93068,0,2241,8793,1018,6,1217,498,1884,1861.3600000000001,drop,p=0.75,0.75,2
2,full_map,EKF cooperative,2,False,0.18143175663610622,0.1449792276703771,0.11515863653780793,0.3510160478454231,0.6719551415406181,0.07649638219192943,0.240130067873996,92989,79,2241,8793,1018,6,1217,413,1684,1861.3600000000001,drop,p=0.75,0.75,2
2,full_map,EKF cooperative,3,False,0.15145340838983926,0.11366588477940207,0.08217434318894352,0.32198396397452156,0.6649570165984614,0.07623517584973381,0.16226180055823017,93068,0,2241,8793,1018,6,1217,539,2108,1861.3600000000001,drop,p=0.75,0.75,2
2,full_map,EKF cooperative,4,False,0.25731588035046715,0.20817114123798725,0.16663644530041696,0.5176967535473438,0.9882619813507235,0.19038859823150464,0.2422596369375857,93036,32,2241,8793,1018,6,1217,240,1030,1861.3600000000001,drop,p=0.75,0.75,2
2,full_map,EKF cooperative,5,False,0.17138541456810302,0.13103840593423297,0.10313644490980514,0.3746919609024748,0.7743516144147402,0.07269215924230794,0.054160281306114985,93068,0,2241,8793,1018,6,1217,551,2087,1861.3600000000001,drop,p=0.75,0.75,2
2,full_map,EKF cooperative,1,False,0.17141883105294578,0.11736053029154639,0.07175142567209407,0.35195631930878,0.7462509144863726,0.08163007949453577,0.08642475943496757,93068,0,2161,8793,1051,10,1100,486,1884,1861.3600000000001,drop,p=0.75,0.75,3
2,full_map,EKF cooperative,2,False,0.17874920225548208,0.143056347742936,0.113334201431665,0.34910030846684825,0.6764294163533533,0.07748071109083446,0.19657100169812022,92989,79,2161,8793,1051,10,1100,442,1684,1861.3600000000001,drop,p=0.75,0.75,3
2,full_map,EKF cooperative,3,False,0.150920405990857,0.1131649320297982,0.0825735199852627,0.3193557740166719,0.6640163361281399,0.07601858006412632,0.16194247077352733,93068,0,2161,8793,1051,10,1100,511,2108,1861.3600000000001,drop,p=0.75,0.75,3
2,full_map,EKF cooperative,4,False,0.2591890548573793,0.20974361001657119,0.16772255372029732,0.5135321631876253,0.9882634575287169,0.19000468569976023,0.24544979842849973,93036,32,2161,8793,1051,10,1100,238,1030,1861.3600000000001,drop,p=0.75,0.75,3
2,full_map,EKF cooperative,5,False,0.17247752391126878,0.13245143808625293,0.10489562577817291,0.3758510769201224,0.7743517086444497,0.07292126339272986,0.05919014122019759,93068,0,2161,8793,1051,10,1100,484,2087,1861.3600000000001,drop,p=0.75,0.75,3
2,full_map,EKF cooperative,1,False,0.1718910350290897,0.11766800684042146,0.07253416670444537,0.3544109229838352,0.7452628959543104,0.08678366391482946,0.08763998884616012,93068,0,2247,8793,1015,8,1224,478,1884,1861.3600000000001,drop,p=0.75,0.75,4
2,full_map,EKF cooperative,2,False,0.1812896325969652,0.14491211502658427,0.11424975014279068,0.35476284027696614,0.6764319102721952,0.07768513957574669,0.241621633596223,92989,79,2247,8793,1015,8,1224,431,1684,1861.3600000000001,drop,p=0.75,0.75,4
2,full_map,EKF cooperative,3,False,0.15320119144838265,0.11528872818738678,0.08399163442552995,0.32063433152635035,0.660505902268854,0.07604732633845074,0.1624524439107734,93068,0,2247,8793,1015,8,1224,508,2108,1861.3600000000001,drop,p=0.75,0.75,4
2,full_map,EKF cooperative,4,False,0.2535802171673481,0.20679564792714125,0.16912722995456547,0.48837685996392405,0.9882622804010875,0.18889696114333937,0.26862283983944013,93036,32,2247,8793,1015,8,1224,277,1030,1861.3600000000001,drop,p=0.75,0.75,4
2,full_map,EKF cooperative,5,False,0.1724476150653862,0.13225694917861322,0.10482021177235509,0.37666819350336367,0.7743516930862919,0.07321093497556933,0.05724441295403622,93068,0,2247,8793,1015,8,1224,553,2087,1861.3600000000001,drop,p=0.75,0.75,4
2,full_map,EKF cooperative,1,False,0.1721741481097372,0.11756365479500906,0.07104266389868172,0.3633158412276917,0.7464474214939666,0.08358612652185213,0.0867379429156163,93068,0,856,8793,419,2,435,176,1884,1861.3600000000001,drop,p=0.9,0.9,0
2,full_map,EKF cooperative,2,False,0.18214433298110658,0.1457128266779555,0.11525290795342878,0.3671610277975101,0.6732167870488226,0.07894789698155616,0.24053344804138527,92989,79,856,8793,419,2,435,146,1684,1861.3600000000001,drop,p=0.9,0.9,0
2,full_map,EKF cooperative,3,False,0.15727518527756354,0.11818893878043782,0.08514421231851371,0.3305095651402966,0.6632565240281617,0.07809033631292994,0.1668102199418,93068,0,856,8793,419,2,435,205,2108,1861.3600000000001,drop,p=0.9,0.9,0
2,full_map,EKF cooperative,4,False,0.2591279600624274,0.20779994151151626,0.16537590836629623,0.5257687784483663,0.9882646659539072,0.1884221196424975,0.24057143322620608,93036,32,856,8793,419,2,435,100,1030,1861.3600000000001,drop,p=0.9,0.9,0
2,full_map,EKF cooperative,5,False,0.17349586666252217,0.13332794074287047,0.10507130595129865,0.3764105023097123,0.7743517898219974,0.07359340307696113,0.05477155642214917,93068,0,856,8793,419,2,435,229,2087,1861.3600000000001,drop,p=0.9,0.9,0
2,full_map,EKF cooperative,1,False,0.17234818004126132,0.11781859540903855,0.07098844242566792,0.3538198623859029,0.7461966586764668,0.08656916855149996,0.08739034187286904,93068,0,917,8793,458,3,456,193,1884,1861.3600000000001,drop,p=0.9,0.9,1
2,full_map,EKF cooperative,2,False,0.18293789244373795,0.1466573303261311,0.11679927285383827,0.3560615535883491,0.6746312205004181,0.08198765964836681,0.24055337221565348,92989,79,917,8793,458,3,456,149,1684,1861.3600000000001,drop,p=0.9,0.9,1
2,full_map,EKF cooperative,3,False,0.14918688784595846,0.11431494172298105,0.08416601236868201,0.31828446454494996,0.5862133393889104,0.07622406334554786,0.16078977999278632,93068,0,917,8793,458,3,456,228,2108,1861.3600000000001,drop,p=0.9,0.9,1
2,full_map,EKF cooperative,4,False,0.25732034663700104,0.20621650171426306,0.1615880977333369,0.5279052609061358,0.9935885467758194,0.18758267942494178,0.22780297111485276,93036,32,917,8793,458,3,456,121,1030,1861.3600000000001,drop,p=0.9,0.9,1
2,full_map,EKF cooperative,5,False,0.17301584877576584,0.13331308167703215,0.105167303985091,0.37880368448889334,0.7743516956652107,0.07392150365373852,0.05753291219291583,93068,0,917,8793,458,3,456,226,2087,1861.3600000000001,drop,p=0.9,0.9,1
2,full_map,EKF cooperative,1,False,0.17365094535363942,0.11900816127714728,0.07140953091119416,0.3625133147192739,0.7451999386701889,0.08848261182766133,0.08742548014692327,93068,0,900,8793,411,4,485,186,1884,1861.3600000000001,drop,p=0.9,0.9,2
2,full_map,EKF cooperative,2,False,0.18207313841456713,0.14585799578857775,0.11606554892417033,0.3530056851667562,0.6739034492512085,0.07688112552721534,0.24062910865751416,92989,79,900,8793,411,4,485,170,1684,1861.3600000000001,drop,p=0.9,0.9,2
2,full_map,EKF cooperative,3,False,0.15488717935040286,0.1163065320592407,0.08223414827571929,0.32559986673075303,0.6634641659523295,0.07629058817091415,0.1631416262423549,93068,0,900,8793,411,4,485,230,2108,1861.3600000000001,drop,p=0.9,0.9,2
2,full_map,EKF cooperative,4,False,0.25702583943075763,0.20748553425965732,0.16496865551775974,0.5194400836326185,0.9882653469340104,0.18917004070556417,0.2328611019997303,93036,32,900,8793,411,4,485,105,1030,1861.3600000000001,drop,p=0.9,0.9,2
2,full_map,EKF cooperative,5,False,0.17519848608149127,0.13427432379787888,0.10509849379821126,0.3801332365289551,0.774351797485768,0.07278859462938288,0.05408910202905948,93068,0,900,8793,411,4,485,209,2087,1861.3600000000001,drop,p=0.9,0.9,2
2,full_map,EKF cooperative,1,False,0.1726412271417882,0.1180743234223368,0.07168174690491977,0.36249538191850833,0.7463672305620852,0.08376422040109088,0.08587287615326405,93068,0,875,8793,430,5,440,193,1884,1861.3600000000001,drop,p=0.9,0.9,3
2,full_map,EKF cooperative,2,False,0.1820029724165562,0.14533809101675976,0.11455040292868894,0.36567860865999224,0.6774511453288405,0.08218240390328344,0.2046028816412243,92989,79,875,8793,430,5,440,186,1684,1861.3600000000001,drop,p=0.9,0.9,3
2,full_map,EKF cooperative,3,False,0.153932310634237,0.11559690241423314,0.08256887607908389,0.3243421051095247,0.6738692642538464,0.07668790308160524,0.16214657935179486,93068,0,875,8793,430,5,440,198,2108,1861.3600000000001,drop,p=0.9,0.9,3
2,full_map,EKF cooperative,4,False,0.2610870673111846,0.20882965317243699,0.16466814562942225,0.534716452603655,0.9962451776741214,0.1890396647073929,0.23204810991954342,93036,32,875,8793,430,5,440,94,1030,1861.3600000000001,drop,p=0.9,0.9,3
2,full_map,EKF cooperative,5,False,0.174531719171785,0.13424902943026953,0.10531710649305591,0.3788695785493529,0.7743517910314954,0.0734949531506235,0.052823215502265264,93068,0,875,8793,430,5,440,204,2087,1861.3600000000001,drop,p=0.9,0.9,3
2,full_map,EKF cooperative,1,False,0.17255029868093963,0.11755236533027999,0.07130690753902932,0.3645691057288142,0.7461912510282595,0.0871164663174429,0.087910286698472,93068,0,914,8793,442,0,472,199,1884,1861.3600000000001,drop,p=0.9,0.9,4
2,full_map,EKF cooperative,2,False,0.18487587578932546,0.14806434909666535,0.11462249878313926,0.3681579912650324,0.6717719912087693,0.0798263454630463,0.24028719001856713,92989,79,914,8793,442,0,472,168,1684,1861.3600000000001,drop,p=0.9,0.9,4
2,full_map,EKF cooperative,3,False,0.1559061452149804,0.11754018383811571,0.08392386986443312,0.328323327642845,0.6764023872095118,0.07772832233296557,0.16717099525729986,93068,0,914,8793,442,0,472,206,2108,1861.3600000000001,drop,p=0.9,0.9,4
2,full_map,EKF cooperative,4,False,0.2550431262928768,0.20608018600909148,0.1681316185484745,0.5114760863025254,0.9882638498720709,0.1888971389208828,0.2583911416580041,93036,32,914,8793,442,0,472,118,1030,1861.3600000000001,drop,p=0.9,0.9,4
2,full_map,EKF cooperative,5,False,0.17381550316476088,0.1336499534572832,0.1045914479540894,0.37781338363535966,0.7743517899944913,0.074260682637563,0.05282458201766844,93068,0,914,8793,442,0,472,223,2087,1861.3600000000001,drop,p=0.9,0.9,4
2,full_map,EKF cooperative,1,False,0.17758568757023183,0.12070594351625805,0.07076303213186524,0.3793300783354888,0.7461864642468078,0.09874094062805747,0.0874764673291426,93068,0,0,8793,0,0,0,0,1884,1861.3600000000001,drop,p=1,1.0,0
2,full_map,EKF cooperative,2,False,0.1876971695775691,0.15048934381633594,0.11809208733044167,0.37541213391087247,0.6715804942157418,0.07890818475647764,0.24023003808484625,92989,79,0,8793,0,0,0,0,1684,1861.3600000000001,drop,p=1,1.0,0
2,full_map,EKF cooperative,3,False,0.15984051214856715,0.12106975117257592,0.0863709438928702,0.3306938036362228,0.6632871609420143,0.07905072615808063,0.16786367626284449,93068,0,0,8793,0,0,0,0,2108,1861.3600000000001,drop,p=1,1.0,0
2,full_map,EKF cooperative,4,False,0.26191696917324175,0.20950645264077714,0.1657252731369964,0.5385719635596826,0.9882669877821412,0.18921434120502734,0.2234214214221065,93036,32,0,8793,0,0,0,0,1030,1861.3600000000001,drop,p=1,1.0,0
2,full_map,EKF cooperative,5,False,0.180075748246612,0.13717428336248522,0.10640662824192582,0.39034205301874103,0.7743517899070537,0.07217460663856502,0.05266744046507226,93068,0,0,8793,0,0,0,0,2087,1861.3600000000001,drop,p=1,1.0,0
2,full_map,EKF cooperative,1,False,0.17758568757023183,0.12070594351625805,0.07076303213186524,0.3793300783354888,0.7461864642468078,0.09874094062805747,0.0874764673291426,93068,0,0,8793,0,0,0,0,1884,1861.3600000000001,drop,p=1,1.0,1
2,full_map,EKF cooperative,2,False,0.1876971695775691,0.15048934381633594,0.11809208733044167,0.37541213391087247,0.6715804942157418,0.07890818475647764,0.24023003808484625,92989,79,0,8793,0,0,0,0,1684,1861.3600000000001,drop,p=1,1.0,1
2,full_map,EKF cooperative,3,False,0.15984051214856715,0.12106975117257592,0.0863709438928702,0.3306938036362228,0.6632871609420143,0.07905072615808063,0.16786367626284449,93068,0,0,8793,0,0,0,0,2108,1861.3600000000001,drop,p=1,1.0,1
2,full_map,EKF cooperative,4,False,0.26191696917324175,0.20950645264077714,0.1657252731369964,0.5385719635596826,0.9882669877821412,0.18921434120502734,0.2234214214221065,93036,32,0,8793,0,0,0,0,1030,1861.3600000000001,drop,p=1,1.0,1
2,full_map,EKF cooperative,5,False,0.180075748246612,0.13717428336248522,0.10640662824192582,0.39034205301874103,0.7743517899070537,0.07217460663856502,0.05266744046507226,93068,0,0,8793,0,0,0,0,2087,1861.3600000000001,drop,p=1,1.0,1
2,full_map,EKF cooperative,1,False,0.17758568757023183,0.12070594351625805,0.07076303213186524,0.3793300783354888,0.7461864642468078,0.09874094062805747,0.0874764673291426,93068,0,0,8793,0,0,0,0,1884,1861.3600000000001,drop,p=1,1.0,2
2,full_map,EKF cooperative,2,False,0.1876971695775691,0.15048934381633594,0.11809208733044167,0.37541213391087247,0.6715804942157418,0.07890818475647764,0.24023003808484625,92989,79,0,8793,0,0,0,0,1684,1861.3600000000001,drop,p=1,1.0,2
2,full_map,EKF cooperative,3,False,0.15984051214856715,0.12106975117257592,0.0863709438928702,0.3306938036362228,0.6632871609420143,0.07905072615808063,0.16786367626284449,93068,0,0,8793,0,0,0,0,2108,1861.3600000000001,drop,p=1,1.0,2
2,full_map,EKF cooperative,4,False,0.26191696917324175,0.20950645264077714,0.1657252731369964,0.5385719635596826,0.9882669877821412,0.18921434120502734,0.2234214214221065,93036,32,0,8793,0,0,0,0,1030,1861.3600000000001,drop,p=1,1.0,2
2,full_map,EKF cooperative,5,False,0.180075748246612,0.13717428336248522,0.10640662824192582,0.39034205301874103,0.7743517899070537,0.07217460663856502,0.05266744046507226,93068,0,0,8793,0,0,0,0,2087,1861.3600000000001,drop,p=1,1.0,2
2,full_map,EKF cooperative,1,False,0.17758568757023183,0.12070594351625805,0.07076303213186524,0.3793300783354888,0.7461864642468078,0.09874094062805747,0.0874764673291426,93068,0,0,8793,0,0,0,0,1884,1861.3600000000001,drop,p=1,1.0,3
2,full_map,EKF cooperative,2,False,0.1876971695775691,0.15048934381633594,0.11809208733044167,0.37541213391087247,0.6715804942157418,0.07890818475647764,0.24023003808484625,92989,79,0,8793,0,0,0,0,1684,1861.3600000000001,drop,p=1,1.0,3
2,full_map,EKF cooperative,3,False,0.15984051214856715,0.12106975117257592,0.0863709438928702,0.3306938036362228,0.6632871609420143,0.07905072615808063,0.16786367626284449,93068,0,0,8793,0,0,0,0,2108,1861.3600000000001,drop,p=1,1.0,3
2,full_map,EKF cooperative,4,False,0.26191696917324175,0.20950645264077714,0.1657252731369964,0.5385719635596826,0.9882669877821412,0.18921434120502734,0.2234214214221065,93036,32,0,8793,0,0,0,0,1030,1861.3600000000001,drop,p=1,1.0,3
2,full_map,EKF cooperative,5,False,0.180075748246612,0.13717428336248522,0.10640662824192582,0.39034205301874103,0.7743517899070537,0.07217460663856502,0.05266744046507226,93068,0,0,8793,0,0,0,0,2087,1861.3600000000001,drop,p=1,1.0,3
2,full_map,EKF cooperative,1,False,0.17758568757023183,0.12070594351625805,0.07076303213186524,0.3793300783354888,0.7461864642468078,0.09874094062805747,0.0874764673291426,93068,0,0,8793,0,0,0,0,1884,1861.3600000000001,drop,p=1,1.0,4
2,full_map,EKF cooperative,2,False,0.1876971695775691,0.15048934381633594,0.11809208733044167,0.37541213391087247,0.6715804942157418,0.07890818475647764,0.24023003808484625,92989,79,0,8793,0,0,0,0,1684,1861.3600000000001,drop,p=1,1.0,4
2,full_map,EKF cooperative,3,False,0.15984051214856715,0.12106975117257592,0.0863709438928702,0.3306938036362228,0.6632871609420143,0.07905072615808063,0.16786367626284449,93068,0,0,8793,0,0,0,0,2108,1861.3600000000001,drop,p=1,1.0,4
2,full_map,EKF cooperative,4,False,0.26191696917324175,0.20950645264077714,0.1657252731369964,0.5385719635596826,0.9882669877821412,0.18921434120502734,0.2234214214221065,93036,32,0,8793,0,0,0,0,1030,1861.3600000000001,drop,p=1,1.0,4
2,full_map,EKF cooperative,5,False,0.180075748246612,0.13717428336248522,0.10640662824192582,0.39034205301874103,0.7743517899070537,0.07217460663856502,0.05266744046507226,93068,0,0,8793,0,0,0,0,2087,1861.3600000000001,drop,p=1,1.0,4
2,map_blind,EKF cooperative,1,False,0.174415188695543,0.11925036976953764,0.07397143241705112,0.36767066857076003,0.7470587876067569,0.08065796785919048,0.08710447381216918,93068,0,8793,8793,2448,1,6344,1884,1884,1861.3600000000001,drop,p=0,0.0,0
2,map_blind,EKF cooperative,2,False,0.18207859765969792,0.1466769546660095,0.11554587186598309,0.3683633485642454,0.6646849542293127,0.07805013323077344,0.16185080566744994,92989,79,8793,8793,2448,1,6344,1684,1684,1861.3600000000001,drop,p=0,0.0,0
2,map_blind,EKF cooperative,3,True,0.49729069184392477,0.3673269232609031,0.2547114149843795,1.2242338403079658,1.728350996415963,0.25836614666801916,0.19729609523778677,93068,0,8793,8793,2448,1,6344,2108,2108,1861.3600000000001,drop,p=0,0.0,0
2,map_blind,EKF cooperative,4,True,0.6329727389598332,0.4203704671398469,0.296221947651052,0.9673058634143253,2.9886834004310816,0.29131594563049823,0.34777793956894526,93036,32,8793,8793,2448,1,6344,1030,1030,1861.3600000000001,drop,p=0,0.0,0
2,map_blind,EKF cooperative,5,True,0.31737733704800386,0.26430493628393925,0.2128751969154264,0.5990592414363819,1.3068409882220928,0.18124303628996846,0.6368826527320777,93068,0,8793,8793,2448,1,6344,2087,2087,1861.3600000000001,drop,p=0,0.0,0
2,map_blind,EKF cooperative,1,False,0.174415188695543,0.11925036976953764,0.07397143241705112,0.36767066857076003,0.7470587876067569,0.08065796785919048,0.08710447381216918,93068,0,8793,8793,2448,1,6344,1884,1884,1861.3600000000001,drop,p=0,0.0,1
2,map_blind,EKF cooperative,2,False,0.18207859765969792,0.1466769546660095,0.11554587186598309,0.3683633485642454,0.6646849542293127,0.07805013323077344,0.16185080566744994,92989,79,8793,8793,2448,1,6344,1684,1684,1861.3600000000001,drop,p=0,0.0,1
2,map_blind,EKF cooperative,3,True,0.49729069184392477,0.3673269232609031,0.2547114149843795,1.2242338403079658,1.728350996415963,0.25836614666801916,0.19729609523778677,93068,0,8793,8793,2448,1,6344,2108,2108,1861.3600000000001,drop,p=0,0.0,1
2,map_blind,EKF cooperative,4,True,0.6329727389598332,0.4203704671398469,0.296221947651052,0.9673058634143253,2.9886834004310816,0.29131594563049823,0.34777793956894526,93036,32,8793,8793,2448,1,6344,1030,1030,1861.3600000000001,drop,p=0,0.0,1
2,map_blind,EKF cooperative,5,True,0.31737733704800386,0.26430493628393925,0.2128751969154264,0.5990592414363819,1.3068409882220928,0.18124303628996846,0.6368826527320777,93068,0,8793,8793,2448,1,6344,2087,2087,1861.3600000000001,drop,p=0,0.0,1
2,map_blind,EKF cooperative,1,False,0.174415188695543,0.11925036976953764,0.07397143241705112,0.36767066857076003,0.7470587876067569,0.08065796785919048,0.08710447381216918,93068,0,8793,8793,2448,1,6344,1884,1884,1861.3600000000001,drop,p=0,0.0,2
2,map_blind,EKF cooperative,2,False,0.18207859765969792,0.1466769546660095,0.11554587186598309,0.3683633485642454,0.6646849542293127,0.07805013323077344,0.16185080566744994,92989,79,8793,8793,2448,1,6344,1684,1684,1861.3600000000001,drop,p=0,0.0,2
2,map_blind,EKF cooperative,3,True,0.49729069184392477,0.3673269232609031,0.2547114149843795,1.2242338403079658,1.728350996415963,0.25836614666801916,0.19729609523778677,93068,0,8793,8793,2448,1,6344,2108,2108,1861.3600000000001,drop,p=0,0.0,2
2,map_blind,EKF cooperative,4,True,0.6329727389598332,0.4203704671398469,0.296221947651052,0.9673058634143253,2.9886834004310816,0.29131594563049823,0.34777793956894526,93036,32,8793,8793,2448,1,6344,1030,1030,1861.3600000000001,drop,p=0,0.0,2
2,map_blind,EKF cooperative,5,True,0.31737733704800386,0.26430493628393925,0.2128751969154264,0.5990592414363819,1.3068409882220928,0.18124303628996846,0.6368826527320777,93068,0,8793,8793,2448,1,6344,2087,2087,1861.3600000000001,drop,p=0,0.0,2
2,map_blind,EKF cooperative,1,False,0.174415188695543,0.11925036976953764,0.07397143241705112,0.36767066857076003,0.7470587876067569,0.08065796785919048,0.08710447381216918,93068,0,8793,8793,2448,1,6344,1884,1884,1861.3600000000001,drop,p=0,0.0,3
2,map_blind,EKF cooperative,2,False,0.18207859765969792,0.1466769546660095,0.11554587186598309,0.3683633485642454,0.6646849542293127,0.07805013323077344,0.16185080566744994,92989,79,8793,8793,2448,1,6344,1684,1684,1861.3600000000001,drop,p=0,0.0,3
2,map_blind,EKF cooperative,3,True,0.49729069184392477,0.3673269232609031,0.2547114149843795,1.2242338403079658,1.728350996415963,0.25836614666801916,0.19729609523778677,93068,0,8793,8793,2448,1,6344,2108,2108,1861.3600000000001,drop,p=0,0.0,3
2,map_blind,EKF cooperative,4,True,0.6329727389598332,0.4203704671398469,0.296221947651052,0.9673058634143253,2.9886834004310816,0.29131594563049823,0.34777793956894526,93036,32,8793,8793,2448,1,6344,1030,1030,1861.3600000000001,drop,p=0,0.0,3
2,map_blind,EKF cooperative,5,True,0.31737733704800386,0.26430493628393925,0.2128751969154264,0.5990592414363819,1.3068409882220928,0.18124303628996846,0.6368826527320777,93068,0,8793,8793,2448,1,6344,2087,2087,1861.3600000000001,drop,p=0,0.0,3
2,map_blind,EKF cooperative,1,False,0.174415188695543,0.11925036976953764,0.07397143241705112,0.36767066857076003,0.7470587876067569,0.08065796785919048,0.08710447381216918,93068,0,8793,8793,2448,1,6344,1884,1884,1861.3600000000001,drop,p=0,0.0,4
2,map_blind,EKF cooperative,2,False,0.18207859765969792,0.1466769546660095,0.11554587186598309,0.3683633485642454,0.6646849542293127,0.07805013323077344,0.16185080566744994,92989,79,8793,8793,2448,1,6344,1684,1684,1861.3600000000001,drop,p=0,0.0,4
2,map_blind,EKF cooperative,3,True,0.49729069184392477,0.3673269232609031,0.2547114149843795,1.2242338403079658,1.728350996415963,0.25836614666801916,0.19729609523778677,93068,0,8793,8793,2448,1,6344,2108,2108,1861.3600000000001,drop,p=0,0.0,4
2,map_blind,EKF cooperative,4,True,0.6329727389598332,0.4203704671398469,0.296221947651052,0.9673058634143253,2.9886834004310816,0.29131594563049823,0.34777793956894526,93036,32,8793,8793,2448,1,6344,1030,1030,1861.3600000000001,drop,p=0,0.0,4
2,map_blind,EKF cooperative,5,True,0.31737733704800386,0.26430493628393925,0.2128751969154264,0.5990592414363819,1.3068409882220928,0.18124303628996846,0.6368826527320777,93068,0,8793,8793,2448,1,6344,2087,2087,1861.3600000000001,drop,p=0,0.0,4
2,map_blind,EKF cooperative,1,False,0.17430706067537952,0.11915835598604214,0.07344635859922333,0.36764423811177344,0.7470741234321858,0.08050070016000395,0.08715318584579045,93068,0,6545,8793,2016,1,4528,1395,1884,1861.3600000000001,drop,p=0.25,0.25,0
2,map_blind,EKF cooperative,2,False,0.18253100834168104,0.14729864700310608,0.11634483029059887,0.368723242259405,0.6644805093778302,0.07771499595816414,0.20157132886172735,92989,79,6545,8793,2016,1,4528,1243,1684,1861.3600000000001,drop,p=0.25,0.25,0
2,map_blind,EKF cooperative,3,True,0.4967171138634911,0.36295696710374126,0.2531216941374973,1.2419795688317614,1.7323141974531522,0.25528790603570706,0.27897027064228985,93068,0,6545,8793,2016,1,4528,1561,2108,1861.3600000000001,drop,p=0.25,0.25,0
2,map_blind,EKF cooperative,4,True,0.6247589417131214,0.40565992411764945,0.2747556735843346,0.9585338814698559,3.0019494646775984,0.29072434815164816,0.3480034013449524,93036,32,6545,8793,2016,1,4528,769,1030,1861.3600000000001,drop,p=0.25,0.25,0
2,map_blind,EKF cooperative,5,True,0.3227853233672907,0.26764818247055466,0.2190481165358982,0.6106950635417643,1.193228953127469,0.17793106940364325,0.7156453016105397,93068,0,6545,8793,2016,1,4528,1577,2087,1861.3600000000001,drop,p=0.25,0.25,0
2,map_blind,EKF cooperative,1,False,0.1741882345170222,0.11900677960415836,0.07343844250745521,0.3676604217056303,0.7464602118119089,0.08062725595730001,0.08714492351281738,93068,0,6627,8793,2060,1,4566,1401,1884,1861.3600000000001,drop,p=0.25,0.25,1
2,map_blind,EKF cooperative,2,False,0.18183771145129524,0.14639011358609239,0.11546449877007375,0.3680387225910621,0.6660601884849549,0.07777053300399217,0.1618500598131996,92989,79,6627,8793,2060,1,4566,1291,1684,1861.3600000000001,drop,p=0.25,0.25,1
2,map_blind,EKF cooperative,3,True,0.48693923043375414,0.3539818056999035,0.24922024020462155,1.20610988507713,1.7286803626877751,0.2561435917816831,0.20209888059957043,93068,0,6627,8793,2060,1,4566,1569,2108,1861.3600000000001,drop,p=0.25,0.25,1
2,map_blind,EKF cooperative,4,True,0.6282325321642774,0.4199210276198132,0.29699852650389313,0.9826892874921485,2.959932240028168,0.2914185836901065,0.33934661442167924,93036,32,6627,8793,2060,1,4566,786,1030,1861.3600000000001,drop,p=0.25,0.25,1
2,map_blind,EKF cooperative,5,True,0.32508187600654187,0.26803430840191156,0.21452311552123385,0.6070992582664028,1.0429308024741168,0.18864628887519985,0.6281033278703361,93068,0,6627,8793,2060,1,4566,1580,2087,1861.3600000000001,drop,p=0.25,0.25,1
2,map_blind,EKF cooperative,1,False,0.1740434073608368,0.11897265326771735,0.07342011175424557,0.3676491339319911,0.7461886400972149,0.08103190037949753,0.08713019977475238,93068,0,6566,8793,2005,1,4560,1398,1884,1861.3600000000001,drop,p=0.25,0.25,2
2,map_blind,EKF cooperative,2,False,0.18276382885372672,0.14732600410116217,0.11665871777719024,0.36913710072320344,0.6654119238396281,0.07828664006304757,0.19690992504882585,92989,79,6566,8793,2005,1,4560,1243,1684,1861.3600000000001,drop,p=0.25,0.25,2
2,map_blind,EKF cooperative,3,True,0.4937753597961389,0.367129272267415,0.25623214969670627,1.17368412975569,1.717948650976677,0.2585043527195945,0.14618272713573194,93068,0,6566,8793,2005,1,4560,1603,2108,1861.3600000000001,drop,p=0.25,0.25,2
2,map_blind,EKF cooperative,4,True,0.6553541499969511,0.4336518373450574,0.2870646381572197,1.0721079731234886,3.046502288521005,0.2963550292336845,0.30795626477662935,93036,32,6566,8793,2005,1,4560,758,1030,1861.3600000000001,drop,p=0.25,0.25,2
2,map_blind,EKF cooperative,5,True,0.3319516779526911,0.26980053888313876,0.2192379122635691,0.6426717603326982,1.0936449071134016,0.1881355335401737,0.4924134202471006,93068,0,6566,8793,2005,1,4560,1564,2087,1861.3600000000001,drop,p=0.25,0.25,2
2,map_blind,EKF cooperative,1,False,0.17418217649520612,0.11904940018710078,0.07357809250754303,0.3676629370482732,0.7461883418954417,0.08078384987770408,0.08718106598955858,93068,0,6527,8793,2042,1,4484,1396,1884,1861.3600000000001,drop,p=0.25,0.25,3
2,map_blind,EKF cooperative,2,False,0.18227024804856728,0.1469530761352575,0.11569326123637333,0.3682605926381881,0.6678003614303227,0.07794551823925207,0.16184922582148412,92989,79,6527,8793,2042,1,4484,1242,1684,1861.3600000000001,drop,p=0.25,0.25,3
2,map_blind,EKF cooperative,3,True,0.48593757034812035,0.3590139677471112,0.2537740893028872,1.152090117198533,1.7188502149583085,0.2601446099497631,0.1874099989698389,93068,0,6527,8793,2042,1,4484,1538,2108,1861.3600000000001,drop,p=0.25,0.25,3
2,map_blind,EKF cooperative,4,True,0.6336753644200497,0.41700725303023084,0.2848968790543311,0.9570706006097844,2.9852372733572397,0.28104162252633075,0.33807049633037756,93036,32,6527,8793,2042,1,4484,776,1030,1861.3600000000001,drop,p=0.25,0.25,3
2,map_blind,EKF cooperative,5,True,0.3227342221948891,0.27072426000232563,0.2278860613069094,0.6102384966015556,0.9812276832865569,0.18291152169017522,0.6166305887894551,93068,0,6527,8793,2042,1,4484,1575,2087,1861.3600000000001,drop,p=0.25,0.25,3
2,map_blind,EKF cooperative,1,False,0.1741549326393283,0.1190948691352426,0.07373624215936536,0.36764549557932474,0.7467898792289018,0.08078462269242796,0.08718928317636647,93068,0,6617,8793,2000,1,4616,1415,1884,1861.3600000000001,drop,p=0.25,0.25,4
2,map_blind,EKF cooperative,2,False,0.18248559239326947,0.14703598560157569,0.11552305700377731,0.36816496149135924,0.667104173881682,0.0782077932953442,0.1618492067786837,92989,79,6617,8793,2000,1,4616,1274,1684,1861.3600000000001,drop,p=0.25,0.25,4
2,map_blind,EKF cooperative,3,True,0.49540092109243805,0.36483636536006286,0.25235631719209284,1.227646302811688,1.7148080454657921,0.2592517559417388,0.2081965491195324,93068,0,6617,8793,2000,1,4616,1586,2108,1861.3600000000001,drop,p=0.25,0.25,4
2,map_blind,EKF cooperative,4,True,0.6390813300354707,0.42198216187291165,0.2760662288712896,1.0657974047427163,2.9984473648675425,0.2862905297271073,0.3397770595525358,93036,32,6617,8793,2000,1,4616,786,1030,1861.3600000000001,drop,p=0.25,0.25,4
2,map_blind,EKF cooperative,5,True,0.3104531463814111,0.25271373330019165,0.21477554933014648,0.6115888906996995,0.9264079546883208,0.1754293515094985,0.6508766189428322,93068,0,6617,8793,2000,1,4616,1556,2087,1861.3600000000001,drop,p=0.25,0.25,4
2,map_blind,EKF cooperative,1,False,0.17414638507041724,0.1190949610607236,0.07286565695798494,0.3676451150912377,0.7464815048938817,0.08060531357452509,0.08730420210377984,93068,0,4382,8793,1538,0,2844,925,1884,1861.3600000000001,drop,p=0.5,0.5,0
2,map_blind,EKF cooperative,2,False,0.18263704263807382,0.1473797092153128,0.11673556689276497,0.3682428568491517,0.6655493240908454,0.07750893320719508,0.2347213611825499,92989,79,4382,8793,1538,0,2844,834,1684,1861.3600000000001,drop,p=0.5,0.5,0
2,map_blind,EKF cooperative,3,True,0.4793727632190387,0.3585761425677575,0.2565345480245075,1.1026222408107391,1.7068274352699875,0.23757567297079604,0.27895857214278363,93068,0,4382,8793,1538,0,2844,1045,2108,1861.3600000000001,drop,p=0.5,0.5,0
2,map_blind,EKF cooperative,4,True,0.6300321697256119,0.406431921101325,0.2825033991453786,0.9898846030464048,3.013742337178902,0.2950791680780708,0.33155234858521176,93036,32,4382,8793,1538,0,2844,519,1030,1861.3600000000001,drop,p=0.5,0.5,0
2,map_blind,EKF cooperative,5,True,0.3028278282569846,0.24639992036874248,0.2152571099144654,0.5790262046060342,1.0750550089948752,0.17214451703989114,0.6792751488657897,93068,0,4382,8793,1538,0,2844,1059,2087,1861.3600000000001,drop,p=0.5,0.5,0
2,map_blind,EKF cooperative,1,False,0.17404771193979757,0.11889487019154736,0.07306537230335883,0.36766889433973554,0.7461878551539912,0.08089210204091565,0.08724849648562981,93068,0,4456,8793,1593,1,2862,941,1884,1861.3600000000001,drop,p=0.5,0.5,1
2,map_blind,EKF cooperative,2,False,0.18274565385202318,0.14706070509482058,0.11597130837257578,0.3692817109115623,0.6674791316719094,0.07794106893850017,0.23376219453044503,92989,79,4456,8793,1593,1,2862,847,1684,1861.3600000000001,drop,p=0.5,0.5,1
2,map_blind,EKF cooperative,3,True,0.49419225743907846,0.3640678974027575,0.26697077593584595,1.1488958774279903,1.7229351503834702,0.26227934663072755,0.1846768467392192,93068,0,4456,8793,1593,1,2862,1067,2108,1861.3600000000001,drop,p=0.5,0.5,1
2,map_blind,EKF cooperative,4,True,0.6531328236574455,0.44791964735578826,0.3069200601421662,1.1000362465706808,2.977919375340929,0.31249824656993236,0.2881856281055347,93036,32,4456,8793,1593,1,2862,545,1030,1861.3600000000001,drop,p=0.5,0.5,1
2,map_blind,EKF cooperative,5,True,0.3365191044236632,0.27470275493279284,0.23207771086282936,0.620482491543387,1.1042886458345957,0.18757334444249105,0.4945348276831765,93068,0,4456,8793,1593,1,2862,1056,2087,1861.3600000000001,drop,p=0.5,0.5,1
2,map_blind,EKF cooperative,1,False,0.17411883405554654,0.11903461711790879,0.07331640350709004,0.36764160800254775,0.7461882293418997,0.08055962786793103,0.08724289185177339,93068,0,4357,8793,1496,1,2860,962,1884,1861.3600000000001,drop,p=0.5,0.5,2
2,map_blind,EKF cooperative,2,False,0.1841186011303251,0.1479552087588783,0.11654107392746824,0.3709358340288021,0.6662425655363656,0.07832489320240285,0.23989447120950813,92989,79,4357,8793,1496,1,2860,820,1684,1861.3600000000001,drop,p=0.5,0.5,2
2,map_blind,EKF cooperative,3,True,0.4853557274907921,0.361716676679084,0.2679332510502295,1.1510001863656805,1.704493691434563,0.2531486989183227,0.1445675366725483,93068,0,4357,8793,1496,1,2860,1044,2108,1861.3600000000001,drop,p=0.5,0.5,2
2,map_blind,EKF cooperative,4,True,0.6418330916699714,0.4207719332442246,0.2782167912390279,1.1266267875203617,3.0024197652990416,0.30507011139336965,0.2799919038313195,93036,32,4357,8793,1496,1,2860,480,1030,1861.3600000000001,drop,p=0.5,0.5,2
2,map_blind,EKF cooperative,5,True,0.2990020639851524,0.24253992632277924,0.20941846986662865,0.5604275814960299,1.2068101965211706,0.17464764744405817,0.4865890920414564,93068,0,4357,8793,1496,1,2860,1051,2087,1861.3600000000001,drop,p=0.5,0.5,2
2,map_blind,EKF cooperative,1,False,0.17403673852704976,0.11878613961028023,0.07222607870706094,0.3676494453758473,0.7461877185254941,0.08146514866876246,0.08724841279617591,93068,0,4353,8793,1534,1,2818,949,1884,1861.3600000000001,drop,p=0.5,0.5,3
2,map_blind,EKF cooperative,2,False,0.18215479162009393,0.14662839413693096,0.11544959925042657,0.3682235712463327,0.6688997114887039,0.07788763442496532,0.19389186463266544,92989,79,4353,8793,1534,1,2818,879,1684,1861.3600000000001,drop,p=0.5,0.5,3
2,map_blind,EKF cooperative,3,True,0.46451170029982103,0.3480134730884342,0.25440206134916066,0.9111561065877696,1.700489026934706,0.2579313185482985,0.2030632943041458,93068,0,4353,8793,1534,1,2818,1012,2108,1861.3600000000001,drop,p=0.5,0.5,3
2,map_blind,EKF cooperative,4,True,0.6822074103748281,0.46274838275920926,0.29235435327817494,1.212889166325568,3.023024647341111,0.30382132069039774,0.288445621288642,93036,32,4353,8793,1534,1,2818,503,1030,1861.3600000000001,drop,p=0.5,0.5,3
2,map_blind,EKF cooperative,5,True,0.3635769266405994,0.2871449435810714,0.22859787688418062,0.674346059753473,1.4620092731455652,0.192196489892758,0.5378701007125395,93068,0,4353,8793,1534,1,2818,1010,2087,1861.3600000000001,drop,p=0.5,0.5,3
2,map_blind,EKF cooperative,1,False,0.17348406079680084,0.1185497089743547,0.07359420487711674,0.3676392342038659,0.7461873603564029,0.08469154087960848,0.08725276614340709,93068,0,4393,8793,1507,0,2886,942,1884,1861.3600000000001,drop,p=0.5,0.5,4
2,map_blind,EKF cooperative,2,False,0.1833468617070019,0.14780184525695084,0.11647479780497315,0.370494236041661,0.6686646270625478,0.07914657128613199,0.20484332874746075,92989,79,4393,8793,1507,0,2886,847,1684,1861.3600000000001,drop,p=0.5,0.5,4
2,map_blind,EKF cooperative,3,True,0.486744633919017,0.3554316681108703,0.2439999812078836,1.2231545768077257,1.7039152597665843,0.2623644292441735,0.16495520553323995,93068,0,4393,8793,1507,0,2886,1027,2108,1861.3600000000001,drop,p=0.5,0.5,4
2,map_blind,EKF cooperative,4,True,0.6414171571815264,0.427074021732702,0.2778941410942889,1.0719377788166142,2.9780030272416638,0.29346897541352135,0.3244625354424791,93036,32,4393,8793,1507,0,2886,512,1030,1861.3600000000001,drop,p=0.5,0.5,4
2,map_blind,EKF cooperative,5,True,0.3618474318816233,0.2832004624124573,0.22678310645577326,0.8180052752040554,1.2327609820143746,0.18937021779330077,0.5810284989745572,93068,0,4393,8793,1507,0,2886,1065,2087,1861.3600000000001,drop,p=0.5,0.5,4
2,map_blind,EKF cooperative,1,False,0.1739393150676945,0.1186419063094434,0.0717898826822912,0.3676392096754721,0.7461863939971753,0.08072434174993305,0.08743021822033585,93068,0,2195,8793,928,0,1267,464,1884,1861.3600000000001,drop,p=0.75,0.75,0
2,map_blind,EKF cooperative,2,False,0.1835403481563592,0.14819036122975882,0.11659771833899171,0.368647780603794,0.6682227841276002,0.07738788345846133,0.23398933519164025,92989,79,2195,8793,928,0,1267,400,1684,1861.3600000000001,drop,p=0.75,0.75,0
2,map_blind,EKF cooperative,3,True,0.4582545072720245,0.34087948516753996,0.23695517624378054,1.0087222152456825,1.6239722335673106,0.24330593237402398,0.1941409644986402,93068,0,2195,8793,928,0,1267,523,2108,1861.3600000000001,drop,p=0.75,0.75,0
2,map_blind,EKF cooperative,4,True,0.6764632920311935,0.44329437541624633,0.3000192485833175,1.0412756511157206,3.1423175594046326,0.30877762480149107,0.1689960398196666,93036,32,2195,8793,928,0,1267,244,1030,1861.3600000000001,drop,p=0.75,0.75,0
2,map_blind,EKF cooperative,5,True,0.37039125629786834,0.2934681895187591,0.23432992192660074,0.8416022270957684,1.1069496353462158,0.19448049321954047,0.3453384795293084,93068,0,2195,8793,928,0,1267,564,2087,1861.3600000000001,drop,p=0.75,0.75,0
2,map_blind,EKF cooperative,1,False,0.17375808156379374,0.11854446054230117,0.07197619733966185,0.3676423105710888,0.7461864640643379,0.08100273867666667,0.08735305928027108,93068,0,2238,8793,941,1,1296,463,1884,1861.3600000000001,drop,p=0.75,0.75,1
2,map_blind,EKF cooperative,2,False,0.18356223092450638,0.1478535407773293,0.11638604513575206,0.3689917716627719,0.6704954882035274,0.07758158321738888,0.23982975255892736,92989,79,2238,8793,941,1,1296,395,1684,1861.3600000000001,drop,p=0.75,0.75,1
2,map_blind,EKF cooperative,3,True,0.48923798157994774,0.3675121060129158,0.2783759183427845,1.125368369479092,1.7117257859925157,0.26859105982615217,0.17630001928360953,93068,0,2238,8793,941,1,1296,546,2108,1861.3600000000001,drop,p=0.75,0.75,1
2,map_blind,EKF cooperative,4,True,0.6487784884579861,0.43635830828072314,0.298132164542134,1.1438387542785025,2.921792461528436,0.31580765666951377,0.20509337620436627,93036,32,2238,8793,941,1,1296,288,1030,1861.3600000000001,drop,p=0.75,0.75,1
2,map_blind,EKF cooperative,5,True,0.3964681787571062,0.29995367574394116,0.22392994846449987,0.9984951192480261,1.4344562943831756,0.19929499890239732,0.43529548313356736,93068,0,2238,8793,941,1,1296,546,2087,1861.3600000000001,drop,p=0.75,0.75,1
2,map_blind,EKF cooperative,1,False,0.17378066735222056,0.11846368869917705,0.07185579514513393,0.36764130025228603,0.7461883515245791,0.08248068055497593,0.0873853554581144,93068,0,2241,8793,906,1,1334,498,1884,1861.3600000000001,drop,p=0.75,0.75,2
2,map_blind,EKF cooperative,2,False,0.18554804588769508,0.14887215377604754,0.1164883290054482,0.3752011178193898,0.6658484112578981,0.07905840175949035,0.23989369318649836,92989,79,2241,8793,906,1,1334,413,1684,1861.3600000000001,drop,p=0.75,0.75,2
2,map_blind,EKF cooperative,3,True,0.510647060168013,0.3731135335570497,0.2593592565541836,1.2242274856527664,1.741795950569114,0.2696464454985163,0.17333211330187911,93068,0,2241,8793,906,1,1334,539,2108,1861.3600000000001,drop,p=0.75,0.75,2
2,map_blind,EKF cooperative,4,True,0.699049057020877,0.474859138818576,0.30417969254151667,1.2483044206601899,3.083215925477464,0.3113489005074779,0.22605383719855357,93036,32,2241,8793,906,1,1334,240,1030,1861.3600000000001,drop,p=0.75,0.75,2
2,map_blind,EKF cooperative,5,True,0.40154736370097327,0.3094189923882191,0.24296151621270523,0.9446847627803333,1.4140132965482262,0.20705578106529768,0.5367524558786696,93068,0,2241,8793,906,1,1334,551,2087,1861.3600000000001,drop,p=0.75,0.75,2
2,map_blind,EKF cooperative,1,False,0.1737518896268275,0.11847221587799886,0.07186285757132505,0.3676358215520279,0.7461868887911374,0.08096220087941426,0.08734803897448307,93068,0,2161,8793,879,0,1282,486,1884,1861.3600000000001,drop,p=0.75,0.75,3
2,map_blind,EKF cooperative,2,False,0.18416149422318534,0.1485131030003213,0.11731037031594524,0.37046757277306785,0.6713892658052861,0.07853869456603604,0.19677265852874695,92989,79,2161,8793,879,0,1282,442,1684,1861.3600000000001,drop,p=0.75,0.75,3
2,map_blind,EKF cooperative,3,True,0.48948538297730526,0.3611107307706949,0.25710227910998795,0.9808919439285629,1.806529862722632,0.269138087528763,0.19444462320847863,93068,0,2161,8793,879,0,1282,511,2108,1861.3600000000001,drop,p=0.75,0.75,3
2,map_blind,EKF cooperative,4,True,0.7365404239915301,0.5027512808899257,0.2916006062539258,1.364051783917328,3.046189496185977,0.30854289791692585,0.22892404256634222,93036,32,2161,8793,879,0,1282,238,1030,1861.3600000000001,drop,p=0.75,0.75,3
2,map_blind,EKF cooperative,5,True,0.42057035771724255,0.3307880849679226,0.27415053197875205,0.8254098317421755,1.6221198531500793,0.20448373689394045,0.45068437873553147,93068,0,2161,8793,879,0,1282,484,2087,1861.3600000000001,drop,p=0.75,0.75,3
2,map_blind,EKF cooperative,1,False,0.173572390984976,0.11848252102679183,0.0721470212583089,0.36763819873429293,0.746187342823603,0.08735882513682876,0.08735395951747832,93068,0,2247,8793,855,0,1392,478,1884,1861.3600000000001,drop,p=0.75,0.75,4
2,map_blind,EKF cooperative,2,False,0.1855916835668766,0.14956560458364657,0.11799019713234354,0.3732179765888862,0.6719122589089124,0.07999816674537143,0.24032629788451051,92989,79,2247,8793,855,0,1392,431,1684,1861.3600000000001,drop,p=0.75,0.75,4
2,map_blind,EKF cooperative,3,True,0.5145450286353774,0.3754536833700679,0.2538018802233095,1.13736044599892,1.9245884029345637,0.2623577876955292,0.13492934414199118,93068,0,2247,8793,855,0,1392,508,2108,1861.3600000000001,drop,p=0.75,0.75,4
2,map_blind,EKF cooperative,4,True,0.660229387213547,0.4303518950100585,0.2537925427288007,1.0593913336557994,3.0863321145773437,0.2910386798409683,0.28260661375151264,93036,32,2247,8793,855,0,1392,277,1030,1861.3600000000001,drop,p=0.75,0.75,4
2,map_blind,EKF cooperative,5,True,0.37627434442525665,0.29195529270770443,0.2316710106374947,0.8239316508632925,1.3807450301700508,0.1978682552504739,0.520856469684995,93068,0,2247,8793,855,0,1392,553,2087,1861.3600000000001,drop,p=0.75,0.75,4
2,map_blind,EKF cooperative,1,False,0.17359646686049715,0.11826551966916053,0.07091055168085192,0.367636667883353,0.7461863948035755,0.08438974423780041,0.08747646732913573,93068,0,856,8793,410,0,446,176,1884,1861.3600000000001,drop,p=0.9,0.9,0
2,map_blind,EKF cooperative,2,False,0.1861807145639496,0.14961449535218876,0.11809411668867448,0.374874615851433,0.671580494370429,0.07906147507365371,0.24053327694709725,92989,79,856,8793,410,0,446,146,1684,1861.3600000000001,drop,p=0.9,0.9,0
2,map_blind,EKF cooperative,3,True,0.5550742297786022,0.39946639120843447,0.2800586103680978,1.3392067005996926,1.8573569345138268,0.29092173736998345,0.16622761088535232,93068,0,856,8793,410,0,446,205,2108,1861.3600000000001,drop,p=0.9,0.9,0
2,map_blind,EKF cooperative,4,True,0.7148013824523792,0.47300885011074173,0.31916518184438314,1.1646659931809744,3.2865481050790812,0.35565856682380925,0.1954631688195479,93036,32,856,8793,410,0,446,100,1030,1861.3600000000001,drop,p=0.9,0.9,0
2,map_blind,EKF cooperative,5,True,0.3760151881485671,0.29792131577880904,0.23041755581708695,0.8383225025837069,1.1328643225728376,0.21064757406907264,0.28892452131741736,93068,0,856,8793,410,0,446,229,2087,1861.3600000000001,drop,p=0.9,0.9,0
2,map_blind,EKF cooperative,1,False,0.17381921785179097,0.11858249660429032,0.07131703511941266,0.367636013993462,0.7461864642235315,0.08329368869986907,0.08743604827401616,93068,0,917,8793,437,1,479,193,1884,1861.3600000000001,drop,p=0.9,0.9,1
2,map_blind,EKF cooperative,2,False,0.18621829752210645,0.14943089080767974,0.11813340768475337,0.37285952071397105,0.6710119774579433,0.07820567710559523,0.23982962646572237,92989,79,917,8793,437,1,479,149,1684,1861.3600000000001,drop,p=0.9,0.9,1
2,map_blind,EKF cooperative,3,True,0.5842040457897079,0.4354375612630081,0.31349240581394344,1.221467610199113,2.071351826919691,0.30749446105817074,0.37021333813830504,93068,0,917,8793,437,1,479,228,2108,1861.3600000000001,drop,p=0.9,0.9,1
2,map_blind,EKF cooperative,4,True,0.6641281938955248,0.4540198284733549,0.320469584705255,1.1057228817959424,2.964905537008608,0.34234300037757237,0.018263610407591477,93036,32,917,8793,437,1,479,121,1030,1861.3600000000001,drop,p=0.9,0.9,1
2,map_blind,EKF cooperative,5,True,0.4454914246397719,0.3190516121636662,0.2313409186039082,1.0114326459492957,1.612408723892219,0.21463805988554224,0.06602529686124355,93068,0,917,8793,437,1,479,226,2087,1861.3600000000001,drop,p=0.9,0.9,1
2,map_blind,EKF cooperative,1,False,0.17558867576360457,0.11977993660567467,0.0713441720642786,0.37267145437256,0.7461882203986164,0.0925182202244973,0.08744633738634783,93068,0,900,8793,410,6,484,186,1884,1861.3600000000001,drop,p=0.9,0.9,2
2,map_blind,EKF cooperative,2,False,0.18663629637412504,0.14973077442187493,0.11786330375756668,0.37571830532384587,0.6700772147788835,0.07922054595708795,0.24023004076795182,92989,79,900,8793,410,6,484,170,1684,1861.3600000000001,drop,p=0.9,0.9,2
2,map_blind,EKF cooperative,3,True,1.1520186283770038,0.6440796704055953,0.3356798610205228,1.503255517220498,6.148963604912318,0.33671866068160267,0.16334998212410087,93068,0,900,8793,410,6,484,230,2108,1861.3600000000001,drop,p=0.9,0.9,2
2,map_blind,EKF cooperative,4,True,3.164856899870489,1.9201045745892187,0.5627074930443666,7.415683413731918,10.079405576777164,0.6989839386266299,0.020747947157188272,93036,32,900,8793,410,6,484,105,1030,1861.3600000000001,drop,p=0.9,0.9,2
2,map_blind,EKF cooperative,5,True,0.4234511738737447,0.3228859737682236,0.23816320204503239,0.8608836967812867,1.510508240747293,0.21929240557692442,0.08344918454727093,93068,0,900,8793,410,6,484,209,2087,1861.3600000000001,drop,p=0.9,0.9,2
2,map_blind,EKF cooperative,1,False,0.17389282620284513,0.11860365594913397,0.07098671086232017,0.36764085572498223,0.7461863916206681,0.0844986485476913,0.08741734436271224,93068,0,875,8793,391,0,484,193,1884,1861.3600000000001,drop,p=0.9,0.9,3
2,map_blind,EKF cooperative,2,False,0.18504838789941117,0.1488451661276453,0.1172200767382521,0.37340144392837166,0.6715841938282854,0.07851815618492755,0.20452552259317064,92989,79,875,8793,391,0,484,186,1684,1861.3600000000001,drop,p=0.9,0.9,3
2,map_blind,EKF cooperative,3,True,0.5643174342677285,0.41730709044241565,0.2907852845509701,1.2110374329697873,1.9551018958145767,0.2803081684284965,0.2150704945458467,93068,0,875,8793,391,0,484,198,2108,1861.3600000000001,drop,p=0.9,0.9,3
2,map_blind,EKF cooperative,4,True,0.7102194283513025,0.4433062201745343,0.3059108539429357,1.3967910290240448,3.1893134295557046,0.3085573262005375,0.10327380947166039,93036,32,875,8793,391,0,484,94,1030,1861.3600000000001,drop,p=0.9,0.9,3
2,map_blind,EKF cooperative,5,True,0.3909147986768454,0.32552170263550395,0.26933449570783596,0.8366175078561973,1.1594724811461268,0.19823375554338435,0.16308441996067807,93068,0,875,8793,391,0,484,204,2087,1861.3600000000001,drop,p=0.9,0.9,3
2,map_blind,EKF cooperative,1,False,0.17357787370620506,0.11833668219772903,0.07112500668395422,0.3676408510846227,0.746186464238677,0.08753094213414266,0.08743464030199102,93068,0,914,8793,423,0,491,199,1884,1861.3600000000001,drop,p=0.9,0.9,4
2,map_blind,EKF cooperative,2,False,0.18745300119693517,0.1507794230090721,0.1193910268145021,0.3746589374901144,0.6719346096146982,0.07905215470539963,0.24028705489340293,92989,79,914,8793,423,0,491,168,1684,1861.3600000000001,drop,p=0.9,0.9,4
2,map_blind,EKF cooperative,3,True,0.569612127348031,0.4158792094590958,0.2868356013309148,1.283597507843353,1.9128611349625335,0.3069786218312899,0.09597862336144182,93068,0,914,8793,423,0,491,206,2108,1861.3600000000001,drop,p=0.9,0.9,4
2,map_blind,EKF cooperative,4,True,0.7028217594006612,0.48578588184311394,0.30392108269856244,1.1183909703928978,3.038337110504217,0.3190890619192429,0.1957511566059869,93036,32,914,8793,423,0,491,118,1030,1861.3600000000001,drop,p=0.9,0.9,4
2,map_blind,EKF cooperative,5,True,0.3741043844801049,0.29914520593003735,0.23636539152772496,0.8493888484343859,1.0127547959389285,0.19105048704782332,0.15234166948432373,93068,0,914,8793,423,0,491,223,2087,1861.3600000000001,drop,p=0.9,0.9,4
2,map_blind,EKF cooperative,1,False,0.17758568757023183,0.12070594351625805,0.07076303213186524,0.3793300783354888,0.7461864642468078,0.09874094062805747,0.0874764673291426,93068,0,0,8793,0,0,0,0,1884,1861.3600000000001,drop,p=1,1.0,0
2,map_blind,EKF cooperative,2,False,0.1876971695775691,0.15048934381633594,0.11809208733044167,0.37541213391087247,0.6715804942157418,0.07890818475647764,0.24023003808484625,92989,79,0,8793,0,0,0,0,1684,1861.3600000000001,drop,p=1,1.0,0
2,map_blind,EKF cooperative,3,True,5.268827335387854,4.514962628950363,4.403347889630736,9.508280028535093,11.62326083038849,2.459848709180516,5.260557925533613,93068,0,0,8793,0,0,0,0,2108,1861.3600000000001,drop,p=1,1.0,0
2,map_blind,EKF cooperative,4,True,6.161524044930095,5.169839745033775,4.573329035151527,11.288711217807851,14.572139976612908,1.1221200149468533,8.739755603992652,93036,32,0,8793,0,0,0,0,1030,1861.3600000000001,drop,p=1,1.0,0
2,map_blind,EKF cooperative,5,True,3.1654350535175935,2.7542410280343916,2.598189783144768,5.561434910014043,7.016777585604443,1.2983884174720035,5.591814694737999,93068,0,0,8793,0,0,0,0,2087,1861.3600000000001,drop,p=1,1.0,0
2,map_blind,EKF cooperative,1,False,0.17758568757023183,0.12070594351625805,0.07076303213186524,0.3793300783354888,0.7461864642468078,0.09874094062805747,0.0874764673291426,93068,0,0,8793,0,0,0,0,1884,1861.3600000000001,drop,p=1,1.0,1
2,map_blind,EKF cooperative,2,False,0.1876971695775691,0.15048934381633594,0.11809208733044167,0.37541213391087247,0.6715804942157418,0.07890818475647764,0.24023003808484625,92989,79,0,8793,0,0,0,0,1684,1861.3600000000001,drop,p=1,1.0,1
2,map_blind,EKF cooperative,3,True,5.268827335387854,4.514962628950363,4.403347889630736,9.508280028535093,11.62326083038849,2.459848709180516,5.260557925533613,93068,0,0,8793,0,0,0,0,2108,1861.3600000000001,drop,p=1,1.0,1
2,map_blind,EKF cooperative,4,True,6.161524044930095,5.169839745033775,4.573329035151527,11.288711217807851,14.572139976612908,1.1221200149468533,8.739755603992652,93036,32,0,8793,0,0,0,0,1030,1861.3600000000001,drop,p=1,1.0,1
2,map_blind,EKF cooperative,5,True,3.1654350535175935,2.7542410280343916,2.598189783144768,5.561434910014043,7.016777585604443,1.2983884174720035,5.591814694737999,93068,0,0,8793,0,0,0,0,2087,1861.3600000000001,drop,p=1,1.0,1
2,map_blind,EKF cooperative,1,False,0.17758568757023183,0.12070594351625805,0.07076303213186524,0.3793300783354888,0.7461864642468078,0.09874094062805747,0.0874764673291426,93068,0,0,8793,0,0,0,0,1884,1861.3600000000001,drop,p=1,1.0,2
2,map_blind,EKF cooperative,2,False,0.1876971695775691,0.15048934381633594,0.11809208733044167,0.37541213391087247,0.6715804942157418,0.07890818475647764,0.24023003808484625,92989,79,0,8793,0,0,0,0,1684,1861.3600000000001,drop,p=1,1.0,2
2,map_blind,EKF cooperative,3,True,5.268827335387854,4.514962628950363,4.403347889630736,9.508280028535093,11.62326083038849,2.459848709180516,5.260557925533613,93068,0,0,8793,0,0,0,0,2108,1861.3600000000001,drop,p=1,1.0,2
2,map_blind,EKF cooperative,4,True,6.161524044930095,5.169839745033775,4.573329035151527,11.288711217807851,14.572139976612908,1.1221200149468533,8.739755603992652,93036,32,0,8793,0,0,0,0,1030,1861.3600000000001,drop,p=1,1.0,2
2,map_blind,EKF cooperative,5,True,3.1654350535175935,2.7542410280343916,2.598189783144768,5.561434910014043,7.016777585604443,1.2983884174720035,5.591814694737999,93068,0,0,8793,0,0,0,0,2087,1861.3600000000001,drop,p=1,1.0,2
2,map_blind,EKF cooperative,1,False,0.17758568757023183,0.12070594351625805,0.07076303213186524,0.3793300783354888,0.7461864642468078,0.09874094062805747,0.0874764673291426,93068,0,0,8793,0,0,0,0,1884,1861.3600000000001,drop,p=1,1.0,3
2,map_blind,EKF cooperative,2,False,0.1876971695775691,0.15048934381633594,0.11809208733044167,0.37541213391087247,0.6715804942157418,0.07890818475647764,0.24023003808484625,92989,79,0,8793,0,0,0,0,1684,1861.3600000000001,drop,p=1,1.0,3
2,map_blind,EKF cooperative,3,True,5.268827335387854,4.514962628950363,4.403347889630736,9.508280028535093,11.62326083038849,2.459848709180516,5.260557925533613,93068,0,0,8793,0,0,0,0,2108,1861.3600000000001,drop,p=1,1.0,3
2,map_blind,EKF cooperative,4,True,6.161524044930095,5.169839745033775,4.573329035151527,11.288711217807851,14.572139976612908,1.1221200149468533,8.739755603992652,93036,32,0,8793,0,0,0,0,1030,1861.3600000000001,drop,p=1,1.0,3
2,map_blind,EKF cooperative,5,True,3.1654350535175935,2.7542410280343916,2.598189783144768,5.561434910014043,7.016777585604443,1.2983884174720035,5.591814694737999,93068,0,0,8793,0,0,0,0,2087,1861.3600000000001,drop,p=1,1.0,3
2,map_blind,EKF cooperative,1,False,0.17758568757023183,0.12070594351625805,0.07076303213186524,0.3793300783354888,0.7461864642468078,0.09874094062805747,0.0874764673291426,93068,0,0,8793,0,0,0,0,1884,1861.3600000000001,drop,p=1,1.0,4
2,map_blind,EKF cooperative,2,False,0.1876971695775691,0.15048934381633594,0.11809208733044167,0.37541213391087247,0.6715804942157418,0.07890818475647764,0.24023003808484625,92989,79,0,8793,0,0,0,0,1684,1861.3600000000001,drop,p=1,1.0,4
2,map_blind,EKF cooperative,3,True,5.268827335387854,4.514962628950363,4.403347889630736,9.508280028535093,11.62326083038849,2.459848709180516,5.260557925533613,93068,0,0,8793,0,0,0,0,2108,1861.3600000000001,drop,p=1,1.0,4
2,map_blind,EKF cooperative,4,True,6.161524044930095,5.169839745033775,4.573329035151527,11.288711217807851,14.572139976612908,1.1221200149468533,8.739755603992652,93036,32,0,8793,0,0,0,0,1030,1861.3600000000001,drop,p=1,1.0,4
2,map_blind,EKF cooperative,5,True,3.1654350535175935,2.7542410280343916,2.598189783144768,5.561434910014043,7.016777585604443,1.2983884174720035,5.591814694737999,93068,0,0,8793,0,0,0,0,2087,1861.3600000000001,drop,p=1,1.0,4
3,full_map,EKF cooperative,1,False,0.08621928241894357,0.06828573002743125,0.056687237379322096,0.17149244480302173,0.4522386576435226,0.08962774232551972,0.034054017224566614,89943,57,6893,6893,2928,1,3964,1292,1292,1800.0,drop,p=0,0.0,0
3,full_map,EKF cooperative,2,False,0.12136121896263063,0.09492256156814428,0.07448219960526542,0.23353982016909744,0.5593392189737105,0.06937948227491442,0.0996893147680715,89972,28,6893,6893,2928,1,3964,1427,1427,1800.0,drop,p=0,0.0,0
3,full_map,EKF cooperative,3,False,0.1545411781652821,0.11316578490244,0.08354089982938717,0.33490852106272406,0.7680559779677728,0.1036933022128201,0.055859750795157107,84162,5838,6893,6893,2928,1,3964,1817,1817,1800.0,drop,p=0,0.0,0
3,full_map,EKF cooperative,4,False,0.11758181258148774,0.11375585798594087,0.12190229483168538,0.1519101085378409,0.30997150440745563,0.0500648164628071,0.12274833148261759,89972,28,6893,6893,2928,1,3964,161,161,1800.0,drop,p=0,0.0,0
3,full_map,EKF cooperative,5,False,0.13278198066048041,0.10584088416483671,0.08862377313541112,0.2667517045537749,0.6177588811634428,0.09519747993148495,0.07701634948344305,89972,28,6893,6893,2928,1,3964,2196,2196,1800.0,drop,p=0,0.0,0
3,full_map,EKF cooperative,1,False,0.08621928241894357,0.06828573002743125,0.056687237379322096,0.17149244480302173,0.4522386576435226,0.08962774232551972,0.034054017224566614,89943,57,6893,6893,2928,1,3964,1292,1292,1800.0,drop,p=0,0.0,1
3,full_map,EKF cooperative,2,False,0.12136121896263063,0.09492256156814428,0.07448219960526542,0.23353982016909744,0.5593392189737105,0.06937948227491442,0.0996893147680715,89972,28,6893,6893,2928,1,3964,1427,1427,1800.0,drop,p=0,0.0,1
3,full_map,EKF cooperative,3,False,0.1545411781652821,0.11316578490244,0.08354089982938717,0.33490852106272406,0.7680559779677728,0.1036933022128201,0.055859750795157107,84162,5838,6893,6893,2928,1,3964,1817,1817,1800.0,drop,p=0,0.0,1
3,full_map,EKF cooperative,4,False,0.11758181258148774,0.11375585798594087,0.12190229483168538,0.1519101085378409,0.30997150440745563,0.0500648164628071,0.12274833148261759,89972,28,6893,6893,2928,1,3964,161,161,1800.0,drop,p=0,0.0,1
3,full_map,EKF cooperative,5,False,0.13278198066048041,0.10584088416483671,0.08862377313541112,0.2667517045537749,0.6177588811634428,0.09519747993148495,0.07701634948344305,89972,28,6893,6893,2928,1,3964,2196,2196,1800.0,drop,p=0,0.0,1
3,full_map,EKF cooperative,1,False,0.08621928241894357,0.06828573002743125,0.056687237379322096,0.17149244480302173,0.4522386576435226,0.08962774232551972,0.034054017224566614,89943,57,6893,6893,2928,1,3964,1292,1292,1800.0,drop,p=0,0.0,2
3,full_map,EKF cooperative,2,False,0.12136121896263063,0.09492256156814428,0.07448219960526542,0.23353982016909744,0.5593392189737105,0.06937948227491442,0.0996893147680715,89972,28,6893,6893,2928,1,3964,1427,1427,1800.0,drop,p=0,0.0,2
3,full_map,EKF cooperative,3,False,0.1545411781652821,0.11316578490244,0.08354089982938717,0.33490852106272406,0.7680559779677728,0.1036933022128201,0.055859750795157107,84162,5838,6893,6893,2928,1,3964,1817,1817,1800.0,drop,p=0,0.0,2
3,full_map,EKF cooperative,4,False,0.11758181258148774,0.11375585798594087,0.12190229483168538,0.1519101085378409,0.30997150440745563,0.0500648164628071,0.12274833148261759,89972,28,6893,6893,2928,1,3964,161,161,1800.0,drop,p=0,0.0,2
3,full_map,EKF cooperative,5,False,0.13278198066048041,0.10584088416483671,0.08862377313541112,0.2667517045537749,0.6177588811634428,0.09519747993148495,0.07701634948344305,89972,28,6893,6893,2928,1,3964,2196,2196,1800.0,drop,p=0,0.0,2
3,full_map,EKF cooperative,1,False,0.08621928241894357,0.06828573002743125,0.056687237379322096,0.17149244480302173,0.4522386576435226,0.08962774232551972,0.034054017224566614,89943,57,6893,6893,2928,1,3964,1292,1292,1800.0,drop,p=0,0.0,3
3,full_map,EKF cooperative,2,False,0.12136121896263063,0.09492256156814428,0.07448219960526542,0.23353982016909744,0.5593392189737105,0.06937948227491442,0.0996893147680715,89972,28,6893,6893,2928,1,3964,1427,1427,1800.0,drop,p=0,0.0,3
3,full_map,EKF cooperative,3,False,0.1545411781652821,0.11316578490244,0.08354089982938717,0.33490852106272406,0.7680559779677728,0.1036933022128201,0.055859750795157107,84162,5838,6893,6893,2928,1,3964,1817,1817,1800.0,drop,p=0,0.0,3
3,full_map,EKF cooperative,4,False,0.11758181258148774,0.11375585798594087,0.12190229483168538,0.1519101085378409,0.30997150440745563,0.0500648164628071,0.12274833148261759,89972,28,6893,6893,2928,1,3964,161,161,1800.0,drop,p=0,0.0,3
3,full_map,EKF cooperative,5,False,0.13278198066048041,0.10584088416483671,0.08862377313541112,0.2667517045537749,0.6177588811634428,0.09519747993148495,0.07701634948344305,89972,28,6893,6893,2928,1,3964,2196,2196,1800.0,drop,p=0,0.0,3
3,full_map,EKF cooperative,1,False,0.08621928241894357,0.06828573002743125,0.056687237379322096,0.17149244480302173,0.4522386576435226,0.08962774232551972,0.034054017224566614,89943,57,6893,6893,2928,1,3964,1292,1292,1800.0,drop,p=0,0.0,4
3,full_map,EKF cooperative,2,False,0.12136121896263063,0.09492256156814428,0.07448219960526542,0.23353982016909744,0.5593392189737105,0.06937948227491442,0.0996893147680715,89972,28,6893,6893,2928,1,3964,1427,1427,1800.0,drop,p=0,0.0,4
3,full_map,EKF cooperative,3,False,0.1545411781652821,0.11316578490244,0.08354089982938717,0.33490852106272406,0.7680559779677728,0.1036933022128201,0.055859750795157107,84162,5838,6893,6893,2928,1,3964,1817,1817,1800.0,drop,p=0,0.0,4
3,full_map,EKF cooperative,4,False,0.11758181258148774,0.11375585798594087,0.12190229483168538,0.1519101085378409,0.30997150440745563,0.0500648164628071,0.12274833148261759,89972,28,6893,6893,2928,1,3964,161,161,1800.0,drop,p=0,0.0,4
3,full_map,EKF cooperative,5,False,0.13278198066048041,0.10584088416483671,0.08862377313541112,0.2667517045537749,0.6177588811634428,0.09519747993148495,0.07701634948344305,89972,28,6893,6893,2928,1,3964,2196,2196,1800.0,drop,p=0,0.0,4
3,full_map,EKF cooperative,1,False,0.08595121679702418,0.06791790626053258,0.055926511858665935,0.17216966532752404,0.4523642376666947,0.08963253493170875,0.03406257444819198,89943,57,5127,6893,2332,2,2793,964,1292,1800.0,drop,p=0.25,0.25,0
3,full_map,EKF cooperative,2,False,0.12049574623426001,0.09418713093718467,0.07420086487519419,0.23205524142350073,0.559009404108293,0.06928392446687205,0.09978606543710819,89972,28,5127,6893,2332,2,2793,1062,1427,1800.0,drop,p=0.25,0.25,0
3,full_map,EKF cooperative,3,False,0.1529121474978941,0.11212828154359548,0.08285016970984964,0.3343539206136439,0.7681351351882328,0.10334356569782899,0.055844009025007836,84162,5838,5127,6893,2332,2,2793,1349,1817,1800.0,drop,p=0.25,0.25,0
3,full_map,EKF cooperative,4,False,0.11760741275628452,0.11374214819662548,0.12190277619705056,0.15248309235334476,0.309971009510965,0.05007712857569853,0.12274862071542278,89972,28,5127,6893,2332,2,2793,118,161,1800.0,drop,p=0.25,0.25,0
3,full_map,EKF cooperative,5,False,0.13224131688514376,0.10545583625675468,0.08848136579231605,0.263578954478326,0.6176956317939253,0.09506392665456986,0.08954088988553321,89972,28,5127,6893,2332,2,2793,1634,2196,1800.0,drop,p=0.25,0.25,0
3,full_map,EKF cooperative,1,False,0.08574986401339622,0.06764813094175884,0.05539290246652993,0.17182791154609378,0.45229022215633075,0.0895229664691846,0.03403962151538247,89943,57,5192,6893,2335,1,2856,957,1292,1800.0,drop,p=0.25,0.25,1
3,full_map,EKF cooperative,2,False,0.12136233190781158,0.09469109479751177,0.07423087978633577,0.23918865364621678,0.5596070502883101,0.06937499447935094,0.09969604838567238,89972,28,5192,6893,2335,1,2856,1065,1427,1800.0,drop,p=0.25,0.25,1
3,full_map,EKF cooperative,3,False,0.15357880605783097,0.11280974024054377,0.08355257147918277,0.3357671110674702,0.7681315251525421,0.10345806064450333,0.05586908115198731,84162,5838,5192,6893,2335,1,2856,1391,1817,1800.0,drop,p=0.25,0.25,1
3,full_map,EKF cooperative,4,False,0.11758637331148308,0.11373911791640358,0.12190271023093252,0.15252452536838493,0.30996329844795234,0.050101432621317936,0.12274846177851319,89972,28,5192,6893,2335,1,2856,117,161,1800.0,drop,p=0.25,0.25,1
3,full_map,EKF cooperative,5,False,0.13257199309923157,0.10563467451415683,0.08857297873390288,0.26585542597935835,0.6177796133059014,0.09503331856227296,0.08029436531669723,89972,28,5192,6893,2335,1,2856,1662,2196,1800.0,drop,p=0.25,0.25,1
3,full_map,EKF cooperative,1,False,0.08564181996815566,0.06756525299866184,0.05537672785544095,0.17135826428111736,0.4523637780945891,0.08950475370837481,0.034048655018939736,89943,57,5128,6893,2328,1,2799,951,1292,1800.0,drop,p=0.25,0.25,2
3,full_map,EKF cooperative,2,False,0.12075361317698681,0.09424071396087534,0.07428712646329867,0.23236535198336436,0.5593676898873844,0.06910997132228625,0.09976784853208136,89972,28,5128,6893,2328,1,2799,1050,1427,1800.0,drop,p=0.25,0.25,2
3,full_map,EKF cooperative,3,False,0.1514882615924622,0.11097345349621889,0.08239997167587979,0.33127957594577273,0.7681364850917539,0.10317356687227938,0.05587692320330721,84162,5838,5128,6893,2328,1,2799,1375,1817,1800.0,drop,p=0.25,0.25,2
3,full_map,EKF cooperative,4,False,0.11769945514324044,0.1138351009549017,0.12190244734715422,0.15228373966139352,0.3099705507588821,0.05008113878104299,0.12274846036317164,89972,28,5128,6893,2328,1,2799,120,161,1800.0,drop,p=0.25,0.25,2
3,full_map,EKF cooperative,5,False,0.13235282756427239,0.10553701525253677,0.08852912999454556,0.2656258729663976,0.6177091184764162,0.0951215328635185,0.08205603108178422,89972,28,5128,6893,2328,1,2799,1632,2196,1800.0,drop,p=0.25,0.25,2
3,full_map,EKF cooperative,1,False,0.08596988659422054,0.06784529524442601,0.055603151983860066,0.17184065548862068,0.45241625676255837,0.09003076494109585,0.03374582196703713,89943,57,5114,6893,2291,2,2821,958,1292,1800.0,drop,p=0.25,0.25,3
3,full_map,EKF cooperative,2,False,0.12068806190821572,0.09434124392251642,0.07442477792020596,0.23172168605140364,0.5593496474599378,0.06909575238237275,0.09984332535001054,89972,28,5114,6893,2291,2,2821,1058,1427,1800.0,drop,p=0.25,0.25,3
3,full_map,EKF cooperative,3,False,0.1520288178169799,0.11159687937135392,0.08327444458036834,0.33188281032648537,0.7680559520791874,0.1034044042410363,0.055849239019971866,84162,5838,5114,6893,2291,2,2821,1318,1817,1800.0,drop,p=0.25,0.25,3
3,full_map,EKF cooperative,4,False,0.11757824866275406,0.11367143937481877,0.12190217359780325,0.15211587635639812,0.31614628354756347,0.05006262914221361,0.12274833167443559,89972,28,5114,6893,2291,2,2821,116,161,1800.0,drop,p=0.25,0.25,3
3,full_map,EKF cooperative,5,False,0.13220058050899386,0.10537660370469473,0.08833312680561817,0.2646323480142034,0.6176002732702833,0.09506635894084056,0.08417252988199887,89972,28,5114,6893,2291,2,2821,1664,2196,1800.0,drop,p=0.25,0.25,3
3,full_map,EKF cooperative,1,False,0.08571026425482779,0.06768597450814505,0.055386953398267595,0.1713443906204951,0.4523798106992128,0.08958078277670141,0.03470633291879935,89943,57,5170,6893,2299,1,2870,953,1292,1800.0,drop,p=0.25,0.25,4
3,full_map,EKF cooperative,2,False,0.12106293716914751,0.09463560456722417,0.07467517673113334,0.23274714734551843,0.5594134839478482,0.06949925703445545,0.09983115065426897,89972,28,5170,6893,2299,1,2870,1051,1427,1800.0,drop,p=0.25,0.25,4
3,full_map,EKF cooperative,3,False,0.15132869689618175,0.11105042607305878,0.0827681997545387,0.32945993838523635,0.7681308273605922,0.10316441790783522,0.05585861676495397,84162,5838,5170,6893,2299,1,2870,1345,1817,1800.0,drop,p=0.25,0.25,4
3,full_map,EKF cooperative,4,False,0.11786187989121626,0.11397154931699296,0.12190262401570315,0.15252452536838493,0.3178351142579374,0.05011273699991557,0.12274822786238923,89972,28,5170,6893,2299,1,2870,115,161,1800.0,drop,p=0.25,0.25,4
3,full_map,EKF cooperative,5,False,0.13201324626117758,0.10515128616638661,0.08828557368923098,0.26433851053928953,0.6177277880833936,0.09505552534103649,0.07963983481696077,89972,28,5170,6893,2299,1,2870,1706,2196,1800.0,drop,p=0.25,0.25,4
3,full_map,EKF cooperative,1,False,0.08630092090325053,0.06787120334496033,0.054748046059643715,0.17307255850925463,0.4524497192306781,0.09002206401706433,0.03434478756482529,89943,57,3419,6893,1659,2,1758,652,1292,1800.0,drop,p=0.5,0.5,0
3,full_map,EKF cooperative,2,False,0.12000649144885871,0.09339697412796077,0.07390835336618912,0.23993594356138617,0.5589307521514357,0.06925407351658582,0.09988346563026451,89972,28,3419,6893,1659,2,1758,698,1427,1800.0,drop,p=0.5,0.5,0
3,full_map,EKF cooperative,3,False,0.15084020586554656,0.11054793143501104,0.08186901849414001,0.32312610995806224,0.7681348630373284,0.10295049201804075,0.05584448774448387,84162,5838,3419,6893,1659,2,1758,908,1817,1800.0,drop,p=0.5,0.5,0
3,full_map,EKF cooperative,4,False,0.11780288276010059,0.1138936240418088,0.12190272551683677,0.15268277997186389,0.317834661118146,0.050131165650138296,0.12274835384586245,89972,28,3419,6893,1659,2,1758,82,161,1800.0,drop,p=0.5,0.5,0
3,full_map,EKF cooperative,5,False,0.13202528289296922,0.10533937714121219,0.08849212084781079,0.26111023385361487,0.6176431438213736,0.09505963119270913,0.09185125345266433,89972,28,3419,6893,1659,2,1758,1079,2196,1800.0,drop,p=0.5,0.5,0
3,full_map,EKF cooperative,1,False,0.08546304285674182,0.06725153495245581,0.05454972573628009,0.17199848122509004,0.4524158591829467,0.08941039842623816,0.03469050380682703,89943,57,3495,6893,1639,1,1855,647,1292,1800.0,drop,p=0.5,0.5,1
3,full_map,EKF cooperative,2,False,0.12100236609805073,0.09427856000303314,0.07458555135371224,0.24003608559272308,0.5596287255213692,0.06976559239069306,0.09975001784466433,89972,28,3495,6893,1639,1,1855,728,1427,1800.0,drop,p=0.5,0.5,1
3,full_map,EKF cooperative,3,False,0.15028944081892145,0.11038821602332331,0.08200731984903034,0.3190213704424231,0.7682145311716688,0.10289856940962208,0.05586007059269815,84162,5838,3495,6893,1639,1,1855,921,1817,1800.0,drop,p=0.5,0.5,1
3,full_map,EKF cooperative,4,False,0.11789397257897309,0.11392820236760816,0.12190249433515175,0.15270044774164365,0.31783477526700193,0.0501382680050344,0.12274820528085419,89972,28,3495,6893,1639,1,1855,70,161,1800.0,drop,p=0.5,0.5,1
3,full_map,EKF cooperative,5,False,0.13193683476254178,0.10527200538781238,0.08881265070521788,0.26010121127677016,0.6190136182985275,0.0950187638362651,0.08127990592175338,89972,28,3495,6893,1639,1,1855,1129,2196,1800.0,drop,p=0.5,0.5,1
3,full_map,EKF cooperative,1,False,0.08559153471140278,0.06721801367633799,0.05438428751971777,0.1720972072416752,0.4524187138800714,0.08942686916993901,0.03467790860950456,89943,57,3431,6893,1630,0,1801,610,1292,1800.0,drop,p=0.5,0.5,2
3,full_map,EKF cooperative,2,False,0.12010783045062885,0.09365481058381078,0.0745072829796497,0.23380274344955396,0.5593341279600355,0.06908036897593575,0.0998709078160841,89972,28,3431,6893,1630,0,1801,691,1427,1800.0,drop,p=0.5,0.5,2
3,full_map,EKF cooperative,3,False,0.14988954348498615,0.10992131143439425,0.08127673341657471,0.32167855798180917,0.7681367233718867,0.10281436451278764,0.05586876758041563,84162,5838,3431,6893,1630,0,1801,930,1817,1800.0,drop,p=0.5,0.5,2
3,full_map,EKF cooperative,4,False,0.11802482403590493,0.11406378635173525,0.12190284083519431,0.15288216078642106,0.3220731931722926,0.050135542643473155,0.12274835388403552,89972,28,3431,6893,1630,0,1801,76,161,1800.0,drop,p=0.5,0.5,2
3,full_map,EKF cooperative,5,False,0.13160245254946612,0.1050395939242317,0.08832068228767863,0.2603306754230149,0.6185938392692342,0.09508447063663418,0.08505354374387164,89972,28,3431,6893,1630,0,1801,1124,2196,1800.0,drop,p=0.5,0.5,2
3,full_map,EKF cooperative,1,False,0.085915383681588,0.06755277060944129,0.05515457741991422,0.17249291760516283,0.4524500752904202,0.08991623552185682,0.03372925417454556,89943,57,3404,6893,1606,1,1797,628,1292,1800.0,drop,p=0.5,0.5,3
3,full_map,EKF cooperative,2,False,0.12000467271089982,0.09371594183667026,0.07467610525152832,0.23363398663973706,0.5593643194405093,0.06934210505487165,0.09987419281430547,89972,28,3404,6893,1606,1,1797,704,1427,1800.0,drop,p=0.5,0.5,3
3,full_map,EKF cooperative,3,False,0.15054369871580564,0.11042799284230731,0.08231468649436742,0.32513106812421066,0.768048815376827,0.10303479760004318,0.05583807690711544,84162,5838,3404,6893,1606,1,1797,862,1817,1800.0,drop,p=0.5,0.5,3
3,full_map,EKF cooperative,4,False,0.11770013347305745,0.11372099035844557,0.12190255500402883,0.1525862176083774,0.32527450489641385,0.05009531726468774,0.12274848982017003,89972,28,3404,6893,1606,1,1797,72,161,1800.0,drop,p=0.5,0.5,3
3,full_map,EKF cooperative,5,False,0.13189212682890888,0.10518144407348398,0.08838269300337778,0.26123927582507983,0.6177368756891668,0.0950011523105682,0.0881945231854313,89972,28,3404,6893,1606,1,1797,1138,2196,1800.0,drop,p=0.5,0.5,3
3,full_map,EKF cooperative,1,False,0.08557326811162923,0.0672292657383992,0.05432333968271765,0.1723371639433335,0.45244268181981,0.08994381765469689,0.03434430472193954,89943,57,3452,6893,1623,2,1827,615,1292,1800.0,drop,p=0.5,0.5,4
3,full_map,EKF cooperative,2,False,0.12078424483584996,0.09429519956439292,0.07500830297791425,0.23316564393491504,0.559467275322894,0.06945949827702658,0.09988340614013716,89972,28,3452,6893,1623,2,1827,709,1427,1800.0,drop,p=0.5,0.5,4
3,full_map,EKF cooperative,3,False,0.14882253435672385,0.10942565369711181,0.08209753591858149,0.31808075671661945,0.7681306656856723,0.1028864494432074,0.05585201036529001,84162,5838,3452,6893,1623,2,1827,888,1817,1800.0,drop,p=0.5,0.5,4
3,full_map,EKF cooperative,4,False,0.11793237864433735,0.11400485712666314,0.12190279504221885,0.15290681931267705,0.3178351113900518,0.05012500266184276,0.12274835395304823,89972,28,3452,6893,1623,2,1827,79,161,1800.0,drop,p=0.5,0.5,4
3,full_map,EKF cooperative,5,False,0.13170008392873325,0.1050041712954709,0.08815478344195943,0.2606933119642218,0.6178052039793713,0.09495196046298002,0.08160585372355608,89972,28,3452,6893,1623,2,1827,1161,2196,1800.0,drop,p=0.5,0.5,4
3,full_map,EKF cooperative,1,False,0.08586169113034119,0.06725250314990824,0.05429098272973886,0.17267875521678702,0.452434169963893,0.08996085247861116,0.03431541889060109,89943,57,1718,6893,875,2,841,355,1292,1800.0,drop,p=0.75,0.75,0
3,full_map,EKF cooperative,2,False,0.11966948072522436,0.09296531434357794,0.0735383972299108,0.24075703310420993,0.558978325325838,0.0693478058971869,0.09992562357093182,89972,28,1718,6893,875,2,841,332,1427,1800.0,drop,p=0.75,0.75,0
3,full_map,EKF cooperative,3,False,0.15073081668235871,0.10928379594487052,0.08044323830634996,0.3353776639852438,0.7681281423579854,0.10292333548875512,0.055835212055744765,84162,5838,1718,6893,875,2,841,460,1817,1800.0,drop,p=0.75,0.75,0
3,full_map,EKF cooperative,4,False,0.11817015417981427,0.11417182008635424,0.12190284085079191,0.15288175652948555,0.33531258821349397,0.05020830431744334,0.12274835389957629,89972,28,1718,6893,875,2,841,35,161,1800.0,drop,p=0.75,0.75,0
3,full_map,EKF cooperative,5,False,0.1312689181615562,0.10485043457446552,0.0885027692373146,0.2597381224922378,0.6180006182789523,0.09485666289678309,0.0954940963679381,89972,28,1718,6893,875,2,841,536,2196,1800.0,drop,p=0.75,0.75,0
3,full_map,EKF cooperative,1,False,0.08507613993664129,0.0667182002330902,0.054065589027730544,0.1716500276048068,0.45238251487075837,0.0893749834161063,0.03466028983286598,89943,57,1772,6893,872,1,899,310,1292,1800.0,drop,p=0.75,0.75,1
3,full_map,EKF cooperative,2,False,0.12019676901997634,0.09340690782943396,0.07438321441276109,0.24050430046920723,0.5593513642861592,0.06953956951847381,0.09988958965316773,89972,28,1772,6893,872,1,899,364,1427,1800.0,drop,p=0.75,0.75,1
3,full_map,EKF cooperative,3,False,0.14858974429547359,0.1087718624558835,0.08060006326662922,0.32179725082053706,0.7682143646433506,0.10267412236232341,0.05585765944297913,84162,5838,1772,6893,872,1,899,477,1817,1800.0,drop,p=0.75,0.75,1
3,full_map,EKF cooperative,4,False,0.11816270311980147,0.11411027299218514,0.12190288552331849,0.15344852219458785,0.32839989054744123,0.05017878101641273,0.12274835388043251,89972,28,1772,6893,872,1,899,40,161,1800.0,drop,p=0.75,0.75,1
3,full_map,EKF cooperative,5,False,0.1311155945640946,0.1047475695181544,0.08886189239867887,0.2596583257483285,0.6190624445951587,0.09486891506175704,0.08496082845885974,89972,28,1772,6893,872,1,899,581,2196,1800.0,drop,p=0.75,0.75,1
3,full_map,EKF cooperative,1,False,0.08552720149591037,0.06690096351571485,0.05390560037926602,0.17247513659408203,0.45249266774886987,0.08981807273851151,0.03457673180505025,89943,57,1766,6893,864,1,901,304,1292,1800.0,drop,p=0.75,0.75,2
3,full_map,EKF cooperative,2,False,0.119892401568143,0.09344266118320782,0.07433956757523569,0.23420707751768483,0.5593422017679255,0.069120578953094,0.09986461147736078,89972,28,1766,6893,864,1,901,356,1427,1800.0,drop,p=0.75,0.75,2
3,full_map,EKF cooperative,3,False,0.14898601119588906,0.10840985503210868,0.07968495150085285,0.32510730456172,0.7681346507516386,0.10277525931062002,0.05586645651089125,84162,5838,1766,6893,864,1,901,495,1817,1800.0,drop,p=0.75,0.75,2
3,full_map,EKF cooperative,4,False,0.11827267970622685,0.11416134267690993,0.12190281321009563,0.15319782284346745,0.3361558045289125,0.05018295863214603,0.12274835384968326,89972,28,1766,6893,864,1,901,36,161,1800.0,drop,p=0.75,0.75,2
3,full_map,EKF cooperative,5,False,0.1307560469834587,0.10437905202587158,0.08856846196357135,0.26072850059718405,0.6181102542967898,0.0948232493738559,0.09047072811578588,89972,28,1766,6893,864,1,901,575,2196,1800.0,drop,p=0.75,0.75,2
3,full_map,EKF cooperative,1,False,0.08566718934399048,0.06711392302251984,0.05437036832617788,0.17269461688748883,0.4524331301217804,0.08979568981915093,0.03433323339606023,89943,57,1702,6893,861,0,841,312,1292,1800.0,drop,p=0.75,0.75,3
3,full_map,EKF cooperative,2,False,0.12000329704941395,0.0933245219385638,0.07453146061343856,0.24010606323612935,0.5593375616536455,0.0694530723546838,0.09997663708601907,89972,28,1702,6893,861,0,841,344,1427,1800.0,drop,p=0.75,0.75,3
3,full_map,EKF cooperative,3,False,0.14937511996163885,0.10851980696273801,0.08054647993419312,0.32798044045104857,0.768127839102241,0.10269746264146537,0.055853656343809316,84162,5838,1702,6893,861,0,841,439,1817,1800.0,drop,p=0.75,0.75,3
3,full_map,EKF cooperative,4,False,0.11845210801848224,0.11429675951323023,0.12190275983019885,0.1535527741782587,0.3618381395471366,0.05019314132171721,0.12274823429083385,89972,28,1702,6893,861,0,841,39,161,1800.0,drop,p=0.75,0.75,3
3,full_map,EKF cooperative,5,False,0.13112257157516952,0.10467943735565613,0.08889767925000283,0.25946210336875,0.618049231897435,0.0948347309184261,0.09600746069350366,89972,28,1702,6893,861,0,841,568,2196,1800.0,drop,p=0.75,0.75,3
3,full_map,EKF cooperative,1,False,0.08554777206777238,0.06698461131957668,0.05422900299598759,0.1724149079018417,0.4524960881305966,0.08981358618750734,0.03431737736511486,89943,57,1749,6893,863,1,885,299,1292,1800.0,drop,p=0.75,0.75,4
3,full_map,EKF cooperative,2,False,0.12047353903518894,0.09397726158259913,0.07462336408228178,0.2360194837141002,0.5594944321225421,0.06934578998645066,0.09994798866929289,89972,28,1749,6893,863,1,885,342,1427,1800.0,drop,p=0.75,0.75,4
3,full_map,EKF cooperative,3,False,0.14897725725696837,0.10893142877031459,0.08178597032136699,0.3234691616047826,0.7681291816659565,0.10278242473788085,0.055849587126290116,84162,5838,1749,6893,863,1,885,444,1817,1800.0,drop,p=0.75,0.75,4
3,full_map,EKF cooperative,4,False,0.11824338504186008,0.1141852212801421,0.12190270689283363,0.15335046851829806,0.32992533281709924,0.050195007555959126,0.12274835390581512,89972,28,1749,6893,863,1,885,37,161,1800.0,drop,p=0.75,0.75,4
3,full_map,EKF cooperative,5,False,0.1311543870215685,0.10469378146349144,0.08838559849992285,0.2602293778321411,0.618741242449464,0.09496840044530558,0.09119876182890965,89972,28,1749,6893,863,1,885,627,2196,1800.0,drop,p=0.75,0.75,4
3,full_map,EKF cooperative,1,False,0.08562064490577963,0.06688446509371389,0.05373913201483752,0.17266406281188562,0.45245681782301767,0.08993405683156341,0.034225721312260926,89943,57,658,6893,344,1,313,147,1292,1800.0,drop,p=0.9,0.9,0
3,full_map,EKF cooperative,2,False,0.11978832873573884,0.093086197677814,0.07409280593569331,0.24208039837172468,0.5589297683028327,0.0697471511190495,0.09992559134544565,89972,28,658,6893,344,1,313,123,1427,1800.0,drop,p=0.9,0.9,0
3,full_map,EKF cooperative,3,False,0.14999957090645877,0.10816303381411187,0.07823631222224599,0.3357538404190185,0.7681275541089077,0.10295768461494757,0.05585275962282965,84162,5838,658,6893,344,1,313,171,1817,1800.0,drop,p=0.9,0.9,0
3,full_map,EKF cooperative,4,False,0.11841136507608402,0.11427792032195075,0.12190282930161538,0.1538246457500415,0.3353170655132507,0.05022305204065077,0.12274835386852041,89972,28,658,6893,344,1,313,11,161,1800.0,drop,p=0.9,0.9,0
3,full_map,EKF cooperative,5,False,0.1307401866213087,0.10442917788578746,0.08891831528331667,0.2596672581389406,0.6186083774556078,0.09472049893560083,0.09951932535662181,89972,28,658,6893,344,1,313,206,2196,1800.0,drop,p=0.9,0.9,0
3,full_map,EKF cooperative,1,False,0.0849953300526288,0.06661546980211315,0.0538902737585904,0.1716263027206195,0.45246696067425074,0.08918479474041803,0.03430219703299796,89943,57,716,6893,355,0,361,134,1292,1800.0,drop,p=0.9,0.9,1
3,full_map,EKF cooperative,2,False,0.12070371829760353,0.09398142415585485,0.07516438389841021,0.24157184904770942,0.5590991391486204,0.0696135101560936,0.0999728733953336,89972,28,716,6893,355,0,361,149,1427,1800.0,drop,p=0.9,0.9,1
3,full_map,EKF cooperative,3,False,0.1500158248474382,0.10801252306080296,0.07740427606179731,0.33575565742648966,0.7682133451425358,0.10278025107890207,0.05584586475185723,84162,5838,716,6893,355,0,361,170,1817,1800.0,drop,p=0.9,0.9,1
3,full_map,EKF cooperative,4,False,0.11831981601783864,0.11418741099708342,0.12190292191430285,0.15383632376443077,0.3349024722494102,0.050206499889295,0.12274835383907012,89972,28,716,6893,355,0,361,18,161,1800.0,drop,p=0.9,0.9,1
3,full_map,EKF cooperative,5,False,0.13083907067811767,0.1044294030313002,0.08917272670747114,0.2596280516369965,0.6188299708464036,0.09470762225560722,0.0963590921689293,89972,28,716,6893,355,0,361,245,2196,1800.0,drop,p=0.9,0.9,1
3,full_map,EKF cooperative,1,False,0.08542920346380732,0.06673526335084909,0.053820967460546015,0.1725185026976661,0.4524909500065961,0.08980830013497274,0.03422296642597013,89943,57,708,6893,371,0,337,114,1292,1800.0,drop,p=0.9,0.9,2
3,full_map,EKF cooperative,2,False,0.11983171684382037,0.09312629742540199,0.0742216113234891,0.24187687589779894,0.5590346314798489,0.06950521511844342,0.09987779345610391,89972,28,708,6893,371,0,337,140,1427,1800.0,drop,p=0.9,0.9,2
3,full_map,EKF cooperative,3,False,0.14879466325819135,0.10785778863629873,0.07824025340622406,0.3273809765097361,0.7681285073552608,0.10282648064488283,0.05585899955523389,84162,5838,708,6893,371,0,337,209,1817,1800.0,drop,p=0.9,0.9,2
3,full_map,EKF cooperative,4,False,0.11864857900299333,0.1144478739539407,0.12190327345083053,0.15382825627465055,0.3679520684182535,0.050240177273394145,0.12274835390041601,89972,28,708,6893,371,0,337,15,161,1800.0,drop,p=0.9,0.9,2
3,full_map,EKF cooperative,5,False,0.13061133037212283,0.10433464827197785,0.08896458968716513,0.25950694767573584,0.6184087289893051,0.0947877790542896,0.09891368271619684,89972,28,708,6893,371,0,337,230,2196,1800.0,drop,p=0.9,0.9,2
3,full_map,EKF cooperative,1,False,0.08544041276940893,0.06670497694439058,0.05377985963573943,0.17253426303738922,0.45245314189753744,0.08980274303635917,0.03423777948500136,89943,57,702,6893,355,0,347,132,1292,1800.0,drop,p=0.9,0.9,3
3,full_map,EKF cooperative,2,False,0.12026028943318107,0.0937051877141493,0.07512359939000005,0.24105799492904761,0.5590630507456416,0.06972726589221842,0.09997125225734886,89972,28,702,6893,355,0,347,140,1427,1800.0,drop,p=0.9,0.9,3
3,full_map,EKF cooperative,3,False,0.1487933048919482,0.10772514622579,0.07810775254638043,0.32816067444471064,0.7682130812979263,0.10278115362112958,0.05584583971422799,84162,5838,702,6893,355,0,347,188,1817,1800.0,drop,p=0.9,0.9,3
3,full_map,EKF cooperative,4,False,0.11853338816965901,0.1143297068335236,0.12190293359617191,0.1538281872828746,0.36719186616442184,0.05019302532798738,0.12274835390060133,89972,28,702,6893,355,0,347,17,161,1800.0,drop,p=0.9,0.9,3
3,full_map,EKF cooperative,5,False,0.1304398371848007,0.10394078822701597,0.08791031244701648,0.2595345967954572,0.6162025541853117,0.09437002654480298,0.0974367927311954,89972,28,702,6893,355,0,347,225,2196,1800.0,drop,p=0.9,0.9,3
3,full_map,EKF cooperative,1,False,0.08544711750991213,0.06688710218621959,0.05413824131824703,0.17219600255804382,0.4524544983153408,0.08964996292509382,0.0342995262207129,89943,57,709,6893,335,0,374,117,1292,1800.0,drop,p=0.9,0.9,4
3,full_map,EKF cooperative,2,False,0.1197943881140706,0.09342100744169625,0.07520333681134331,0.23842387672404308,0.5590924928647586,0.06955844078958745,0.09997331241954081,89972,28,709,6893,335,0,374,130,1427,1800.0,drop,p=0.9,0.9,4
3,full_map,EKF cooperative,3,False,0.14799183036015298,0.10751526753043414,0.07830781637690873,0.3238646857971582,0.7682130941099011,0.1029087840881121,0.055859748146692784,84162,5838,709,6893,335,0,374,184,1817,1800.0,drop,p=0.9,0.9,4
3,full_map,EKF cooperative,4,False,0.118564025058151,0.11437368107406651,0.12190292195503674,0.15393583328654312,0.3642673030184239,0.05023937390064981,0.12274835387969496,89972,28,709,6893,335,0,374,14,161,1800.0,drop,p=0.9,0.9,4
3,full_map,EKF cooperative,5,False,0.13065347518010584,0.10428524028126385,0.08914656938285064,0.2584778639171391,0.6183716897803468,0.09473183598847251,0.09532224220906056,89972,28,709,6893,335,0,374,264,2196,1800.0,drop,p=0.9,0.9,4
3,full_map,EKF cooperative,1,False,0.0854832822033719,0.06680683583401698,0.054019283630660414,0.17273685665030403,0.45246675035786155,0.08967608056122882,0.03420197627306006,89943,57,0,6893,0,0,0,0,1292,1800.0,drop,p=1,1.0,0
3,full_map,EKF cooperative,2,False,0.12020907855359264,0.09370170193037204,0.07549192292559778,0.24289371706337143,0.5589495173573782,0.06972760371951797,0.09997327564970297,89972,28,0,6893,0,0,0,0,1427,1800.0,drop,p=1,1.0,0
3,full_map,EKF cooperative,3,False,0.15062775243674403,0.1082225092723226,0.07614880583167452,0.3360028101842509,0.7682126229421128,0.10417298409673528,0.05585275288960221,84162,5838,0,6893,0,0,0,0,1817,1800.0,drop,p=1,1.0,0
3,full_map,EKF cooperative,4,False,0.11864474633291054,0.1144219626095015,0.12190300386253208,0.15394730810901425,0.3679520684182535,0.05024937585752954,0.12274835386696469,89972,28,0,6893,0,0,0,0,161,1800.0,drop,p=1,1.0,0
3,full_map,EKF cooperative,5,False,0.13015151828213442,0.10357895790062978,0.08787184474691205,0.2590173197944616,0.6127223506647894,0.09373714880991071,0.09938360928026645,89972,28,0,6893,0,0,0,0,2196,1800.0,drop,p=1,1.0,0
3,full_map,EKF cooperative,1,False,0.0854832822033719,0.06680683583401698,0.054019283630660414,0.17273685665030403,0.45246675035786155,0.08967608056122882,0.03420197627306006,89943,57,0,6893,0,0,0,0,1292,1800.0,drop,p=1,1.0,1
3,full_map,EKF cooperative,2,False,0.12020907855359264,0.09370170193037204,0.07549192292559778,0.24289371706337143,0.5589495173573782,0.06972760371951797,0.09997327564970297,89972,28,0,6893,0,0,0,0,1427,1800.0,drop,p=1,1.0,1
3,full_map,EKF cooperative,3,False,0.15062775243674403,0.1082225092723226,0.07614880583167452,0.3360028101842509,0.7682126229421128,0.10417298409673528,0.05585275288960221,84162,5838,0,6893,0,0,0,0,1817,1800.0,drop,p=1,1.0,1
3,full_map,EKF cooperative,4,False,0.11864474633291054,0.1144219626095015,0.12190300386253208,0.15394730810901425,0.3679520684182535,0.05024937585752954,0.12274835386696469,89972,28,0,6893,0,0,0,0,161,1800.0,drop,p=1,1.0,1
3,full_map,EKF cooperative,5,False,0.13015151828213442,0.10357895790062978,0.08787184474691205,0.2590173197944616,0.6127223506647894,0.09373714880991071,0.09938360928026645,89972,28,0,6893,0,0,0,0,2196,1800.0,drop,p=1,1.0,1
3,full_map,EKF cooperative,1,False,0.0854832822033719,0.06680683583401698,0.054019283630660414,0.17273685665030403,0.45246675035786155,0.08967608056122882,0.03420197627306006,89943,57,0,6893,0,0,0,0,1292,1800.0,drop,p=1,1.0,2
3,full_map,EKF cooperative,2,False,0.12020907855359264,0.09370170193037204,0.07549192292559778,0.24289371706337143,0.5589495173573782,0.06972760371951797,0.09997327564970297,89972,28,0,6893,0,0,0,0,1427,1800.0,drop,p=1,1.0,2
3,full_map,EKF cooperative,3,False,0.15062775243674403,0.1082225092723226,0.07614880583167452,0.3360028101842509,0.7682126229421128,0.10417298409673528,0.05585275288960221,84162,5838,0,6893,0,0,0,0,1817,1800.0,drop,p=1,1.0,2
3,full_map,EKF cooperative,4,False,0.11864474633291054,0.1144219626095015,0.12190300386253208,0.15394730810901425,0.3679520684182535,0.05024937585752954,0.12274835386696469,89972,28,0,6893,0,0,0,0,161,1800.0,drop,p=1,1.0,2
3,full_map,EKF cooperative,5,False,0.13015151828213442,0.10357895790062978,0.08787184474691205,0.2590173197944616,0.6127223506647894,0.09373714880991071,0.09938360928026645,89972,28,0,6893,0,0,0,0,2196,1800.0,drop,p=1,1.0,2
3,full_map,EKF cooperative,1,False,0.0854832822033719,0.06680683583401698,0.054019283630660414,0.17273685665030403,0.45246675035786155,0.08967608056122882,0.03420197627306006,89943,57,0,6893,0,0,0,0,1292,1800.0,drop,p=1,1.0,3
3,full_map,EKF cooperative,2,False,0.12020907855359264,0.09370170193037204,0.07549192292559778,0.24289371706337143,0.5589495173573782,0.06972760371951797,0.09997327564970297,89972,28,0,6893,0,0,0,0,1427,1800.0,drop,p=1,1.0,3
3,full_map,EKF cooperative,3,False,0.15062775243674403,0.1082225092723226,0.07614880583167452,0.3360028101842509,0.7682126229421128,0.10417298409673528,0.05585275288960221,84162,5838,0,6893,0,0,0,0,1817,1800.0,drop,p=1,1.0,3
3,full_map,EKF cooperative,4,False,0.11864474633291054,0.1144219626095015,0.12190300386253208,0.15394730810901425,0.3679520684182535,0.05024937585752954,0.12274835386696469,89972,28,0,6893,0,0,0,0,161,1800.0,drop,p=1,1.0,3
3,full_map,EKF cooperative,5,False,0.13015151828213442,0.10357895790062978,0.08787184474691205,0.2590173197944616,0.6127223506647894,0.09373714880991071,0.09938360928026645,89972,28,0,6893,0,0,0,0,2196,1800.0,drop,p=1,1.0,3
3,full_map,EKF cooperative,1,False,0.0854832822033719,0.06680683583401698,0.054019283630660414,0.17273685665030403,0.45246675035786155,0.08967608056122882,0.03420197627306006,89943,57,0,6893,0,0,0,0,1292,1800.0,drop,p=1,1.0,4
3,full_map,EKF cooperative,2,False,0.12020907855359264,0.09370170193037204,0.07549192292559778,0.24289371706337143,0.5589495173573782,0.06972760371951797,0.09997327564970297,89972,28,0,6893,0,0,0,0,1427,1800.0,drop,p=1,1.0,4
3,full_map,EKF cooperative,3,False,0.15062775243674403,0.1082225092723226,0.07614880583167452,0.3360028101842509,0.7682126229421128,0.10417298409673528,0.05585275288960221,84162,5838,0,6893,0,0,0,0,1817,1800.0,drop,p=1,1.0,4
3,full_map,EKF cooperative,4,False,0.11864474633291054,0.1144219626095015,0.12190300386253208,0.15394730810901425,0.3679520684182535,0.05024937585752954,0.12274835386696469,89972,28,0,6893,0,0,0,0,161,1800.0,drop,p=1,1.0,4
3,full_map,EKF cooperative,5,False,0.13015151828213442,0.10357895790062978,0.08787184474691205,0.2590173197944616,0.6127223506647894,0.09373714880991071,0.09938360928026645,89972,28,0,6893,0,0,0,0,2196,1800.0,drop,p=1,1.0,4
3,map_blind,EKF cooperative,1,False,0.08634709488602735,0.06792197073726326,0.055071729420752696,0.1730848564943416,0.4523839818335615,0.08958605654993639,0.0339193733561475,89943,57,6893,6893,2098,8,4787,1292,1292,1800.0,drop,p=0,0.0,0
3,map_blind,EKF cooperative,2,False,0.12053013747379644,0.09410432226205023,0.07480109834861665,0.23905501644108654,0.5589495173871157,0.06945824611838934,0.09997348792683851,89972,28,6893,6893,2098,8,4787,1427,1427,1800.0,drop,p=0,0.0,0
3,map_blind,EKF cooperative,3,True,0.6425821964842022,0.4367944754646058,0.28576072095817523,1.6380465760428131,2.61699969564926,0.30009303035879337,0.3246684736689998,84162,5838,6893,6893,2098,8,4787,1817,1817,1800.0,drop,p=0,0.0,0
3,map_blind,EKF cooperative,4,True,3.237107214853021,2.917078761926774,3.818045670374257,3.8184965460109375,3.8989396717024345,1.0112943955847749,3.8185329913102106,89972,28,6893,6893,2098,8,4787,161,161,1800.0,drop,p=0,0.0,0
3,map_blind,EKF cooperative,5,True,0.6651621851772249,0.4611213512356663,0.27222511901991286,1.6861758212355396,2.2882044283586027,0.3823525889418285,0.25778862677522885,89972,28,6893,6893,2098,8,4787,2196,2196,1800.0,drop,p=0,0.0,0
3,map_blind,EKF cooperative,1,False,0.08634709488602735,0.06792197073726326,0.055071729420752696,0.1730848564943416,0.4523839818335615,0.08958605654993639,0.0339193733561475,89943,57,6893,6893,2098,8,4787,1292,1292,1800.0,drop,p=0,0.0,1
3,map_blind,EKF cooperative,2,False,0.12053013747379644,0.09410432226205023,0.07480109834861665,0.23905501644108654,0.5589495173871157,0.06945824611838934,0.09997348792683851,89972,28,6893,6893,2098,8,4787,1427,1427,1800.0,drop,p=0,0.0,1
3,map_blind,EKF cooperative,3,True,0.6425821964842022,0.4367944754646058,0.28576072095817523,1.6380465760428131,2.61699969564926,0.30009303035879337,0.3246684736689998,84162,5838,6893,6893,2098,8,4787,1817,1817,1800.0,drop,p=0,0.0,1
3,map_blind,EKF cooperative,4,True,3.237107214853021,2.917078761926774,3.818045670374257,3.8184965460109375,3.8989396717024345,1.0112943955847749,3.8185329913102106,89972,28,6893,6893,2098,8,4787,161,161,1800.0,drop,p=0,0.0,1
3,map_blind,EKF cooperative,5,True,0.6651621851772249,0.4611213512356663,0.27222511901991286,1.6861758212355396,2.2882044283586027,0.3823525889418285,0.25778862677522885,89972,28,6893,6893,2098,8,4787,2196,2196,1800.0,drop,p=0,0.0,1
3,map_blind,EKF cooperative,1,False,0.08634709488602735,0.06792197073726326,0.055071729420752696,0.1730848564943416,0.4523839818335615,0.08958605654993639,0.0339193733561475,89943,57,6893,6893,2098,8,4787,1292,1292,1800.0,drop,p=0,0.0,2
3,map_blind,EKF cooperative,2,False,0.12053013747379644,0.09410432226205023,0.07480109834861665,0.23905501644108654,0.5589495173871157,0.06945824611838934,0.09997348792683851,89972,28,6893,6893,2098,8,4787,1427,1427,1800.0,drop,p=0,0.0,2
3,map_blind,EKF cooperative,3,True,0.6425821964842022,0.4367944754646058,0.28576072095817523,1.6380465760428131,2.61699969564926,0.30009303035879337,0.3246684736689998,84162,5838,6893,6893,2098,8,4787,1817,1817,1800.0,drop,p=0,0.0,2
3,map_blind,EKF cooperative,4,True,3.237107214853021,2.917078761926774,3.818045670374257,3.8184965460109375,3.8989396717024345,1.0112943955847749,3.8185329913102106,89972,28,6893,6893,2098,8,4787,161,161,1800.0,drop,p=0,0.0,2
3,map_blind,EKF cooperative,5,True,0.6651621851772249,0.4611213512356663,0.27222511901991286,1.6861758212355396,2.2882044283586027,0.3823525889418285,0.25778862677522885,89972,28,6893,6893,2098,8,4787,2196,2196,1800.0,drop,p=0,0.0,2
3,map_blind,EKF cooperative,1,False,0.08634709488602735,0.06792197073726326,0.055071729420752696,0.1730848564943416,0.4523839818335615,0.08958605654993639,0.0339193733561475,89943,57,6893,6893,2098,8,4787,1292,1292,1800.0,drop,p=0,0.0,3
3,map_blind,EKF cooperative,2,False,0.12053013747379644,0.09410432226205023,0.07480109834861665,0.23905501644108654,0.5589495173871157,0.06945824611838934,0.09997348792683851,89972,28,6893,6893,2098,8,4787,1427,1427,1800.0,drop,p=0,0.0,3
3,map_blind,EKF cooperative,3,True,0.6425821964842022,0.4367944754646058,0.28576072095817523,1.6380465760428131,2.61699969564926,0.30009303035879337,0.3246684736689998,84162,5838,6893,6893,2098,8,4787,1817,1817,1800.0,drop,p=0,0.0,3
3,map_blind,EKF cooperative,4,True,3.237107214853021,2.917078761926774,3.818045670374257,3.8184965460109375,3.8989396717024345,1.0112943955847749,3.8185329913102106,89972,28,6893,6893,2098,8,4787,161,161,1800.0,drop,p=0,0.0,3
3,map_blind,EKF cooperative,5,True,0.6651621851772249,0.4611213512356663,0.27222511901991286,1.6861758212355396,2.2882044283586027,0.3823525889418285,0.25778862677522885,89972,28,6893,6893,2098,8,4787,2196,2196,1800.0,drop,p=0,0.0,3
3,map_blind,EKF cooperative,1,False,0.08634709488602735,0.06792197073726326,0.055071729420752696,0.1730848564943416,0.4523839818335615,0.08958605654993639,0.0339193733561475,89943,57,6893,6893,2098,8,4787,1292,1292,1800.0,drop,p=0,0.0,4
3,map_blind,EKF cooperative,2,False,0.12053013747379644,0.09410432226205023,0.07480109834861665,0.23905501644108654,0.5589495173871157,0.06945824611838934,0.09997348792683851,89972,28,6893,6893,2098,8,4787,1427,1427,1800.0,drop,p=0,0.0,4
3,map_blind,EKF cooperative,3,True,0.6425821964842022,0.4367944754646058,0.28576072095817523,1.6380465760428131,2.61699969564926,0.30009303035879337,0.3246684736689998,84162,5838,6893,6893,2098,8,4787,1817,1817,1800.0,drop,p=0,0.0,4
3,map_blind,EKF cooperative,4,True,3.237107214853021,2.917078761926774,3.818045670374257,3.8184965460109375,3.8989396717024345,1.0112943955847749,3.8185329913102106,89972,28,6893,6893,2098,8,4787,161,161,1800.0,drop,p=0,0.0,4
3,map_blind,EKF cooperative,5,True,0.6651621851772249,0.4611213512356663,0.27222511901991286,1.6861758212355396,2.2882044283586027,0.3823525889418285,0.25778862677522885,89972,28,6893,6893,2098,8,4787,2196,2196,1800.0,drop,p=0,0.0,4
3,map_blind,EKF cooperative,1,False,0.08608734101086707,0.06760683477776391,0.054625015107576856,0.17305961575790801,0.45240714644649793,0.08955358922092113,0.033919372031595695,89943,57,5127,6893,1633,73,3421,964,1292,1800.0,drop,p=0.25,0.25,0
3,map_blind,EKF cooperative,2,False,0.12000761354972096,0.09376486548142116,0.0748969407146943,0.23915880499007172,0.5589495173889536,0.06941019962725982,0.09997349807610488,89972,28,5127,6893,1633,73,3421,1062,1427,1800.0,drop,p=0.25,0.25,0
3,map_blind,EKF cooperative,3,True,0.7759214405966793,0.5416855151122801,0.36746433404873874,1.8497015522224214,2.6380407072664176,0.34545775118453564,0.7053419102128631,84162,5838,5127,6893,1633,73,3421,1349,1817,1800.0,drop,p=0.25,0.25,0
3,map_blind,EKF cooperative,4,True,3.131332820575054,2.8200367163295796,3.693433537790873,3.6938769824329016,3.771171011219208,0.9865034582040543,3.6939125995714943,89972,28,5127,6893,1633,73,3421,118,161,1800.0,drop,p=0.25,0.25,0
3,map_blind,EKF cooperative,5,True,1.4002229139597961,0.7290611411335628,0.2946896195824429,3.346125740528062,6.611018498937499,0.7185654642549546,0.3185780652856197,89972,28,5127,6893,1633,73,3421,1634,2196,1800.0,drop,p=0.25,0.25,0
3,map_blind,EKF cooperative,1,False,0.08595099445280045,0.06742431785156541,0.05442483696995687,0.1730536368445078,0.45239850669343173,0.08951158040641284,0.03391945814412898,89943,57,5192,6893,1725,3,3464,957,1292,1800.0,drop,p=0.25,0.25,1
3,map_blind,EKF cooperative,2,False,0.12072410215178248,0.09419281810276568,0.07495519100939349,0.24193494887302555,0.5589495173806545,0.0694734027228925,0.09997295482495848,89972,28,5192,6893,1725,3,3464,1065,1427,1800.0,drop,p=0.25,0.25,1
3,map_blind,EKF cooperative,3,True,0.5059048533728487,0.3815914250063682,0.27360589530653723,1.0137831528076182,2.0083781976208797,0.26923250582043023,0.36508758950354636,84162,5838,5192,6893,1725,3,3464,1391,1817,1800.0,drop,p=0.25,0.25,1
3,map_blind,EKF cooperative,4,True,3.322666198826518,2.992647012270437,3.9177629855115215,3.918215587298735,4.000894839746157,1.0241066623111277,3.918252212851419,89972,28,5192,6893,1725,3,3464,117,161,1800.0,drop,p=0.25,0.25,1
3,map_blind,EKF cooperative,5,True,0.7083037088995845,0.4830722700779197,0.27508505423527463,1.7877839731227805,2.519525740978674,0.3987415098989522,0.2109657776540768,89972,28,5192,6893,1725,3,3464,1662,2196,1800.0,drop,p=0.25,0.25,1
3,map_blind,EKF cooperative,1,False,0.08600367703440859,0.06753608407372398,0.0546654879143666,0.17301739836430582,0.45241075805542724,0.08948057304782152,0.033919408931515224,89943,57,5128,6893,1734,5,3389,951,1292,1800.0,drop,p=0.25,0.25,2
3,map_blind,EKF cooperative,2,False,0.12002603567577608,0.09375377003538614,0.07503168327015286,0.23905589478886677,0.5589495173692829,0.06932014163555283,0.09997326677240417,89972,28,5128,6893,1734,5,3389,1050,1427,1800.0,drop,p=0.25,0.25,2
3,map_blind,EKF cooperative,3,True,0.5794683753064732,0.41041436073728693,0.2806840824963991,1.1386837710846363,2.6103819076490957,0.29219828311732265,0.3145315461884747,84162,5838,5128,6893,1734,5,3389,1375,1817,1800.0,drop,p=0.25,0.25,2
3,map_blind,EKF cooperative,4,True,3.2349147025598453,2.913276640237158,3.815239310800148,3.8156883447437933,3.8965523540287177,1.0095650632925426,3.815724472551986,89972,28,5128,6893,1734,5,3389,120,161,1800.0,drop,p=0.25,0.25,2
3,map_blind,EKF cooperative,5,True,0.6771874851641316,0.4758029289628438,0.26346050525857256,1.6706348885912223,2.2758584391656203,0.3863906601709294,0.250839684731976,89972,28,5128,6893,1734,5,3389,1632,2196,1800.0,drop,p=0.25,0.25,2
3,map_blind,EKF cooperative,1,False,0.08604110563199517,0.06752622844502755,0.05462876073268187,0.17302793068612263,0.45244924437595113,0.08998555023926467,0.03358677589760248,89943,57,5114,6893,1701,6,3407,958,1292,1800.0,drop,p=0.25,0.25,3
3,map_blind,EKF cooperative,2,False,0.12013612454685811,0.09386960549532126,0.07503168185512961,0.2390668494367676,0.5589495173868915,0.06931573071320998,0.09997376985404642,89972,28,5114,6893,1701,6,3407,1058,1427,1800.0,drop,p=0.25,0.25,3
3,map_blind,EKF cooperative,3,True,0.6119943247391474,0.4202351406478665,0.27345615676918866,1.4963112307792803,2.635277573781696,0.2972065864191939,0.3293484617161223,84162,5838,5114,6893,1701,6,3407,1318,1817,1800.0,drop,p=0.25,0.25,3
3,map_blind,EKF cooperative,4,True,3.2203616744751518,2.901830303896749,3.797777869146258,3.798224996128691,3.8788548141997854,1.0049025048227092,3.798260854224573,89972,28,5114,6893,1701,6,3407,116,161,1800.0,drop,p=0.25,0.25,3
3,map_blind,EKF cooperative,5,True,0.6629513812606916,0.458594956485819,0.2608018115527574,1.6549486241800868,2.4436822863283463,0.39152549680577287,0.2689324312294307,89972,28,5114,6893,1701,6,3407,1664,2196,1800.0,drop,p=0.25,0.25,3
3,map_blind,EKF cooperative,1,False,0.08601965792641528,0.06751275615130876,0.054606713320123415,0.17304581529327487,0.45242735063296785,0.08958235427543791,0.03454807026763666,89943,57,5170,6893,1735,13,3422,953,1292,1800.0,drop,p=0.25,0.25,4
3,map_blind,EKF cooperative,2,False,0.1200283642521053,0.09379505424572859,0.07502248706974429,0.23817587157608305,0.5589495173889176,0.06967911855361404,0.09997291727556003,89972,28,5170,6893,1735,13,3422,1051,1427,1800.0,drop,p=0.25,0.25,4
3,map_blind,EKF cooperative,3,True,0.6115593930209527,0.4295073107583673,0.29042683842351563,1.4643887589028401,2.5259007402052256,0.2947492165769611,0.3783352660632862,84162,5838,5170,6893,1735,13,3422,1345,1817,1800.0,drop,p=0.25,0.25,4
3,map_blind,EKF cooperative,4,True,3.196306411591563,2.878452391841089,3.770062504381367,3.7705103411847865,3.849264939163034,0.9992193863375307,3.7705464154921002,89972,28,5170,6893,1735,13,3422,115,161,1800.0,drop,p=0.25,0.25,4
3,map_blind,EKF cooperative,5,True,0.7215532541077609,0.4966721778499687,0.2918983177563645,1.7280803360425496,2.6837895154528213,0.42040778419011154,0.28490494044083936,89972,28,5170,6893,1735,13,3422,1706,2196,1800.0,drop,p=0.25,0.25,4
3,map_blind,EKF cooperative,1,False,0.08605283286435317,0.0674588074908956,0.054437180859343175,0.17301749141992934,0.452432359325782,0.08993505879821018,0.03420197403433585,89943,57,3419,6893,1109,163,2147,652,1292,1800.0,drop,p=0.5,0.5,0
3,map_blind,EKF cooperative,2,False,0.11991318931284316,0.09346243671628028,0.07483140495955487,0.2426684817724271,0.5589495173624924,0.0694571472642557,0.0999736710018394,89972,28,3419,6893,1109,163,2147,698,1427,1800.0,drop,p=0.5,0.5,0
3,map_blind,EKF cooperative,3,True,0.644051165600003,0.4791719339245753,0.36268875813013546,1.4336621432929735,2.6188423540826373,0.3338653142025441,0.9731810423233778,84162,5838,3419,6893,1109,163,2147,908,1817,1800.0,drop,p=0.5,0.5,0
3,map_blind,EKF cooperative,4,True,2.6708714426978233,2.4056710620942416,3.159399274016354,3.15986802789127,3.2117070747519723,0.9317699319127012,3.15990792786665,89972,28,3419,6893,1109,163,2147,82,161,1800.0,drop,p=0.5,0.5,0
3,map_blind,EKF cooperative,5,True,2.320423175198896,1.3150142621859928,0.48207480014958604,6.27329393761892,8.044417668890334,1.26337084079413,0.5636915916524052,89972,28,3419,6893,1109,163,2147,1079,2196,1800.0,drop,p=0.5,0.5,0
3,map_blind,EKF cooperative,1,False,0.0857250061039021,0.06717389336337037,0.05420406340062828,0.172948221786385,0.4524104717288135,0.08941031505447757,0.0345480535790432,89943,57,3495,6893,1221,45,2229,647,1292,1800.0,drop,p=0.5,0.5,1
3,map_blind,EKF cooperative,2,False,0.12040449446498384,0.09396810574329036,0.07532186738786609,0.2419774263010166,0.5589495173629825,0.06975840014378507,0.09997299595286142,89972,28,3495,6893,1221,45,2229,728,1427,1800.0,drop,p=0.5,0.5,1
3,map_blind,EKF cooperative,3,True,0.6912904923531505,0.4979783873991898,0.35474597591274887,1.6035878934821084,2.3547112745469434,0.31453240671611954,0.8782057770550936,84162,5838,3495,6893,1221,45,2229,921,1817,1800.0,drop,p=0.5,0.5,1
3,map_blind,EKF cooperative,4,True,3.3266824119674134,2.997478090730223,3.921826880057833,3.9222794543999666,4.003930034315891,1.0208094182627052,3.9223160974316107,89972,28,3495,6893,1221,45,2229,70,161,1800.0,drop,p=0.5,0.5,1
3,map_blind,EKF cooperative,5,True,1.4603418346220625,0.7667523374150477,0.31274624863626777,3.351220255924597,6.807943961769863,0.7426030822402071,0.12020248993003554,89972,28,3495,6893,1221,45,2229,1129,2196,1800.0,drop,p=0.5,0.5,1
3,map_blind,EKF cooperative,1,False,0.08581228284190781,0.06734894701113757,0.0544450720618901,0.17307447429076583,0.45243719190405507,0.08943513524993037,0.034548112832939536,89943,57,3431,6893,1325,2,2104,610,1292,1800.0,drop,p=0.5,0.5,2
3,map_blind,EKF cooperative,2,False,0.11983597392295854,0.09365725970991043,0.07509623606205379,0.23924261955333898,0.5589495173692495,0.0693039008782118,0.0999727322885958,89972,28,3431,6893,1325,2,2104,691,1427,1800.0,drop,p=0.5,0.5,2
3,map_blind,EKF cooperative,3,True,0.542135940288528,0.38276152045220857,0.27484973273106694,1.053975777311032,2.5793586053750195,0.28782590483161097,0.33307009484809436,84162,5838,3431,6893,1325,2,2104,930,1817,1800.0,drop,p=0.5,0.5,2
3,map_blind,EKF cooperative,4,True,3.309502768295735,2.980648512223222,3.902446160439629,3.9029012253134296,3.985249364201438,1.0285846408184625,3.902938062737952,89972,28,3431,6893,1325,2,2104,76,161,1800.0,drop,p=0.5,0.5,2
3,map_blind,EKF cooperative,5,True,0.6899722545106914,0.4839839589555395,0.2864166443895857,1.703632563112389,2.3150236654223173,0.3916725995789607,0.3312071080794658,89972,28,3431,6893,1325,2,2104,1124,2196,1800.0,drop,p=0.5,0.5,2
3,map_blind,EKF cooperative,1,False,0.08574668769205353,0.06713832265081675,0.054376689557035354,0.17291851931989147,0.45246212938743074,0.08987081358193606,0.03358672760149007,89943,57,3404,6893,1050,211,2143,628,1292,1800.0,drop,p=0.5,0.5,3
3,map_blind,EKF cooperative,2,False,0.11961408361786185,0.09343071179413868,0.07506243009801045,0.23852247236572724,0.5589495173886634,0.0694962501203028,0.09997300755326757,89972,28,3404,6893,1050,211,2143,704,1427,1800.0,drop,p=0.5,0.5,3
3,map_blind,EKF cooperative,3,True,0.621981357861351,0.4377491492487102,0.28145996478715607,1.6059763471723005,2.3072574391263387,0.32452067205455776,2.08797717476957,84162,5838,3404,6893,1050,211,2143,862,1817,1800.0,drop,p=0.5,0.5,3
3,map_blind,EKF cooperative,4,True,3.1201050530699668,2.81046640655554,3.680081816936239,3.6805232388119964,3.7579608545970813,0.9823210147127991,3.680558587717612,89972,28,3404,6893,1050,211,2143,72,161,1800.0,drop,p=0.5,0.5,3
3,map_blind,EKF cooperative,5,True,2.512551185448102,1.4166229500704643,0.4863527292223221,6.718497603274473,8.541441914850987,1.3111583159895526,2.9076417160494383,89972,28,3404,6893,1050,211,2143,1138,2196,1800.0,drop,p=0.5,0.5,3
3,map_blind,EKF cooperative,1,False,0.08574856015798908,0.067125249455447,0.0542913196551556,0.17296522549660104,0.4524276131619188,0.08990250774974959,0.03420197407107055,89943,57,3452,6893,1262,6,2184,615,1292,1800.0,drop,p=0.5,0.5,4
3,map_blind,EKF cooperative,2,False,0.11970758187652691,0.09352912700240706,0.07515680761070068,0.23757489944169813,0.5589495173875054,0.0696421743443925,0.09997296649180006,89972,28,3452,6893,1262,6,2184,709,1427,1800.0,drop,p=0.5,0.5,4
3,map_blind,EKF cooperative,3,True,0.5199084459559636,0.3829378211514983,0.2920168303524204,1.0528392304989624,2.264303300399171,0.28710354155024287,0.35011853907171975,84162,5838,3452,6893,1262,6,2184,888,1817,1800.0,drop,p=0.5,0.5,4
3,map_blind,EKF cooperative,4,True,2.9439075929188028,2.651199486949293,3.4737611810837787,3.47419495722621,3.5471072448410275,0.949854742416778,3.474229443616665,89972,28,3452,6893,1262,6,2184,79,161,1800.0,drop,p=0.5,0.5,4
3,map_blind,EKF cooperative,5,True,0.7675932492320037,0.534276990104198,0.3002244838409237,1.8334608209253818,2.655472500061723,0.42818620453248435,0.3004462661299365,89972,28,3452,6893,1262,6,2184,1161,2196,1800.0,drop,p=0.5,0.5,4
3,map_blind,EKF cooperative,1,False,0.08583595799858877,0.06723728801386648,0.05430413001353639,0.17263084356385203,0.4524559268984089,0.08992035410630392,0.034299489409281646,89943,57,1718,6893,681,39,998,355,1292,1800.0,drop,p=0.75,0.75,0
3,map_blind,EKF cooperative,2,False,0.11982822895910092,0.09334294313887288,0.07484793951739772,0.24282531241604718,0.5589495173622498,0.06972903587358632,0.0999736255138563,89972,28,1718,6893,681,39,998,332,1427,1800.0,drop,p=0.75,0.75,0
3,map_blind,EKF cooperative,3,True,0.6996787955781907,0.4799017420522334,0.30691803236028287,1.5593751608883064,2.8761548418451395,0.3718219057920755,0.43802678949234714,84162,5838,1718,6893,681,39,998,460,1817,1800.0,drop,p=0.75,0.75,0
3,map_blind,EKF cooperative,4,True,2.500167364456694,2.2552159022363227,2.9586151882123133,2.959081531798564,3.0060374481206162,0.8990543464168679,2.959121390170277,89972,28,1718,6893,681,39,998,35,161,1800.0,drop,p=0.75,0.75,0
3,map_blind,EKF cooperative,5,True,1.8273628578907148,0.928158656284195,0.3152891988638859,4.582558834311969,8.408733344617126,0.9558028893012952,0.16792986565293594,89972,28,1718,6893,681,39,998,536,2196,1800.0,drop,p=0.75,0.75,0
3,map_blind,EKF cooperative,1,False,0.0854256864973673,0.06680073393260598,0.053938955826708705,0.17266093624060813,0.4523825146077916,0.08940424817094167,0.034547963925353,89943,57,1772,6893,703,25,1044,310,1292,1800.0,drop,p=0.75,0.75,1
3,map_blind,EKF cooperative,2,False,0.12004377213034037,0.09363854682884155,0.07515420319150176,0.2422016609776157,0.5589495173628733,0.06968594366309618,0.09997340656178028,89972,28,1772,6893,703,25,1044,364,1427,1800.0,drop,p=0.75,0.75,1
3,map_blind,EKF cooperative,3,True,1.2175287033708535,0.6654374853277193,0.2896422673063028,3.3988281227438346,5.282913997019232,0.4795083142220353,1.4895737062838361,84162,5838,1772,6893,703,25,1044,477,1817,1800.0,drop,p=0.75,0.75,1
3,map_blind,EKF cooperative,4,True,2.821517737073026,2.5463525261645175,3.3292534289888325,3.3296804574037764,3.399449758713814,0.9255392266603132,3.3297141160732124,89972,28,1772,6893,703,25,1044,40,161,1800.0,drop,p=0.75,0.75,1
3,map_blind,EKF cooperative,5,True,1.6131200867757847,0.8071293438752678,0.2842936172896753,3.8329283863250043,7.550098949865768,0.8784348558564624,0.27217258988911797,89972,28,1772,6893,703,25,1044,581,2196,1800.0,drop,p=0.75,0.75,1
3,map_blind,EKF cooperative,1,False,0.08571029421037629,0.06711609405156321,0.05420966226073417,0.1728611560961141,0.452474446200837,0.08977822690034003,0.034548078470437664,89943,57,1766,6893,748,3,1015,304,1292,1800.0,drop,p=0.75,0.75,2
3,map_blind,EKF cooperative,2,False,0.11944878656298744,0.09326049540956288,0.07492668868738382,0.2393083612016821,0.5589495173576273,0.06943582645954545,0.09997289386333884,89972,28,1766,6893,748,3,1015,356,1427,1800.0,drop,p=0.75,0.75,2
3,map_blind,EKF cooperative,3,True,0.582295904623993,0.4130960634635801,0.2914948022690521,1.1568493833485225,2.632326423086663,0.2968631136893351,0.3209140544995824,84162,5838,1766,6893,748,3,1015,495,1817,1800.0,drop,p=0.75,0.75,2
3,map_blind,EKF cooperative,4,True,3.1565412072056738,2.8467571526673403,3.721121764878327,3.7215602358366846,3.802987566940716,0.992723161123979,3.7215949168923337,89972,28,1766,6893,748,3,1015,36,161,1800.0,drop,p=0.75,0.75,2
3,map_blind,EKF cooperative,5,True,0.6864856031012845,0.4869784366700643,0.3090712535356153,1.6346831548432397,2.4132017021372536,0.3984735213076488,0.3007050586517827,89972,28,1766,6893,748,3,1015,575,2196,1800.0,drop,p=0.75,0.75,2
3,map_blind,EKF cooperative,1,False,0.08557721459981082,0.06690200160895059,0.054151338412069344,0.17279500663786215,0.4524330775404235,0.08976262919713844,0.03420197507760167,89943,57,1702,6893,697,33,972,312,1292,1800.0,drop,p=0.75,0.75,3
3,map_blind,EKF cooperative,2,False,0.12017037069765903,0.09374306052766326,0.07528762954207646,0.24285979675213312,0.558949517367674,0.06967518529053095,0.09997312576992382,89972,28,1702,6893,697,33,972,344,1427,1800.0,drop,p=0.75,0.75,3
3,map_blind,EKF cooperative,3,True,0.6831009254970358,0.4837221732037075,0.3101521201888784,1.5090174855589664,2.8616632709085374,0.3294458590249693,0.7767793200441252,84162,5838,1702,6893,697,33,972,439,1817,1800.0,drop,p=0.75,0.75,3
3,map_blind,EKF cooperative,4,True,2.6636434183471116,2.3988546067978773,3.1443580180045925,3.144781925174625,3.2076533069095685,0.8923865077528647,3.144815495373759,89972,28,1702,6893,697,33,972,39,161,1800.0,drop,p=0.75,0.75,3
3,map_blind,EKF cooperative,5,True,1.3834889695537174,0.782901917691437,0.31167609496695925,3.1699533694398,6.190237790559792,0.695037000742459,0.05626879622062888,89972,28,1702,6893,697,33,972,568,2196,1800.0,drop,p=0.75,0.75,3
3,map_blind,EKF cooperative,1,False,0.08559379653003207,0.06693014467011682,0.05413996386777632,0.17279674163700356,0.45249097198140664,0.08979238687274159,0.0342019753942932,89943,57,1749,6893,704,4,1041,299,1292,1800.0,drop,p=0.75,0.75,4
3,map_blind,EKF cooperative,2,False,0.1196070766482228,0.09342795796028909,0.07507406640469558,0.23938209389950202,0.5589495173703877,0.06960568851952258,0.09997283850848028,89972,28,1749,6893,704,4,1041,342,1427,1800.0,drop,p=0.75,0.75,4
3,map_blind,EKF cooperative,3,True,0.6035399188683176,0.40900923401434613,0.3010245952096564,0.9241064832498165,3.0953420966201173,0.31876659705861776,0.4194490963106112,84162,5838,1749,6893,704,4,1041,444,1817,1800.0,drop,p=0.75,0.75,4
3,map_blind,EKF cooperative,4,True,2.468069797038917,2.2257915609987626,2.9121237231325336,2.9125514469039695,2.9640526952623407,0.8522962917315178,2.9125858875919097,89972,28,1749,6893,704,4,1041,37,161,1800.0,drop,p=0.75,0.75,4
3,map_blind,EKF cooperative,5,True,0.5857729802553238,0.41644587799571686,0.2584495374729856,1.4553778969434321,2.099382809491029,0.3822035035672914,0.3466180241737036,89972,28,1749,6893,704,4,1041,627,2196,1800.0,drop,p=0.75,0.75,4
3,map_blind,EKF cooperative,1,False,0.08565786588657645,0.06694261396474767,0.05395448611128194,0.1728356990558283,0.4524517115849807,0.08991419120755564,0.03420197627171806,89943,57,658,6893,256,28,374,147,1292,1800.0,drop,p=0.9,0.9,0
3,map_blind,EKF cooperative,2,False,0.12008576882990789,0.09357349292173966,0.07526101583070006,0.24288138027040757,0.5589495173574867,0.06970751444431367,0.09997327565738469,89972,28,658,6893,256,28,374,123,1427,1800.0,drop,p=0.9,0.9,0
3,map_blind,EKF cooperative,3,True,1.1784272442996055,0.7572240779331424,0.3362503320998488,2.8708394047168624,4.084184143234358,0.4310609945547649,2.714440144778144,84162,5838,658,6893,256,28,374,171,1817,1800.0,drop,p=0.9,0.9,0
3,map_blind,EKF cooperative,4,True,2.5749310746739273,2.3290053197785494,3.0454720874045034,3.045968061828612,3.0836882407977018,0.9142518582935933,3.0460122815286144,89972,28,658,6893,256,28,374,11,161,1800.0,drop,p=0.9,0.9,0
3,map_blind,EKF cooperative,5,True,2.3808003547790593,1.4360474672191854,0.5577565325015288,5.836262965810042,8.200613313572331,1.2056786253742886,2.4858360536010267,89972,28,658,6893,256,28,374,206,2196,1800.0,drop,p=0.9,0.9,0
3,map_blind,EKF cooperative,1,False,0.08534614512669085,0.06672339423861617,0.05382994560584146,0.17255343144036797,0.45246696037620987,0.08926161505557856,0.03420197627306006,89943,57,716,6893,302,6,408,134,1292,1800.0,drop,p=0.9,0.9,1
3,map_blind,EKF cooperative,2,False,0.12023707297768346,0.09379026687159502,0.07552265813417822,0.24290073569993387,0.5589495173626032,0.06972755584991015,0.09997323790216828,89972,28,716,6893,302,6,408,149,1427,1800.0,drop,p=0.9,0.9,1
3,map_blind,EKF cooperative,3,True,0.5964342664099845,0.3761891796835296,0.2358991693104292,0.8587450294974137,3.2259677654123147,0.3477840933004187,0.30916161415188004,84162,5838,716,6893,302,6,408,170,1817,1800.0,drop,p=0.9,0.9,1
3,map_blind,EKF cooperative,4,True,2.5886948555137317,2.3462168787967754,3.0540582661764306,3.0544595510742156,3.126380942138701,0.8843290161898555,3.054489954528539,89972,28,716,6893,302,6,408,18,161,1800.0,drop,p=0.9,0.9,1
3,map_blind,EKF cooperative,5,True,1.5585319749383453,0.8990571214470913,0.3510297132483917,4.104745658974145,5.575212463254601,0.5752381728251276,0.12036324559772353,89972,28,716,6893,302,6,408,245,2196,1800.0,drop,p=0.9,0.9,1
3,map_blind,EKF cooperative,1,False,0.08558252333352895,0.06690780235331578,0.054024087360089415,0.17286072971692304,0.45248312735386453,0.08979260057700748,0.03420197613430844,89943,57,708,6893,316,32,360,114,1292,1800.0,drop,p=0.9,0.9,2
3,map_blind,EKF cooperative,2,False,0.1200510584486335,0.09357183215829228,0.07534116262938596,0.242861466232347,0.5589495173574228,0.06967440850328831,0.09997306739232618,89972,28,708,6893,316,32,360,140,1427,1800.0,drop,p=0.9,0.9,2
3,map_blind,EKF cooperative,3,True,0.9121083140320702,0.6254884561072261,0.35918580808898887,2.198553409111838,3.273678359297568,0.4012868111048399,1.7400268907309844,84162,5838,708,6893,316,32,360,209,1817,1800.0,drop,p=0.9,0.9,2
3,map_blind,EKF cooperative,4,True,2.718001093697263,2.4529075400004756,3.2141865738748603,3.2146598742426606,3.265819395489137,0.9380311360340885,3.214700463703834,89972,28,708,6893,316,32,360,15,161,1800.0,drop,p=0.9,0.9,2
3,map_blind,EKF cooperative,5,True,2.502833357651242,1.490058124460523,0.5856050316064858,6.494047287672105,7.884733001010082,1.2269745732032802,5.209010523105426,89972,28,708,6893,316,32,360,230,2196,1800.0,drop,p=0.9,0.9,2
3,map_blind,EKF cooperative,1,False,0.0855107580078748,0.06679800794240676,0.053951505880140145,0.1727710672250408,0.45245314106565565,0.08975620067071391,0.03420197625295141,89943,57,702,6893,274,34,394,132,1292,1800.0,drop,p=0.9,0.9,3
3,map_blind,EKF cooperative,2,False,0.11994935669476542,0.09348859896775889,0.0752346760910878,0.24281741756640735,0.558949517357605,0.06954711234880481,0.09997327565567468,89972,28,702,6893,274,34,394,140,1427,1800.0,drop,p=0.9,0.9,3
3,map_blind,EKF cooperative,3,True,2.623361180867533,1.2777799325230619,0.4127584050144143,7.067176237443922,10.785534781894288,0.768801412132481,7.15810903183505,84162,5838,702,6893,274,34,394,188,1817,1800.0,drop,p=0.9,0.9,3
3,map_blind,EKF cooperative,4,True,2.4911757403106516,2.253021647105384,2.9454688083446463,2.9459233506795517,2.9929923265068012,0.8760626864272949,2.9459616335861565,89972,28,702,6893,274,34,394,17,161,1800.0,drop,p=0.9,0.9,3
3,map_blind,EKF cooperative,5,True,2.5051836470567297,1.5563624167197538,0.6258295158821818,5.684629824481296,8.501863048141074,1.150863169634406,0.8752963493407346,89972,28,702,6893,274,34,394,225,2196,1800.0,drop,p=0.9,0.9,3
3,map_blind,EKF cooperative,1,False,0.08550700381084281,0.06683393194134123,0.054077776096597446,0.1727413315355524,0.4524544978458299,0.08968668305360729,0.034201975893789184,89943,57,709,6893,282,30,397,117,1292,1800.0,drop,p=0.9,0.9,4
3,map_blind,EKF cooperative,2,False,0.11961784516358885,0.09342461864710318,0.07543918422392408,0.239370776062794,0.5589495173574273,0.0695914069094327,0.09997285025183303,89972,28,709,6893,282,30,397,130,1427,1800.0,drop,p=0.9,0.9,4
3,map_blind,EKF cooperative,3,True,1.0670036169388715,0.6683351678635351,0.35797087346517453,2.6881291924305466,4.095337213370014,0.5275120407975354,2.1681027594324473,84162,5838,709,6893,282,30,397,184,1817,1800.0,drop,p=0.9,0.9,4
3,map_blind,EKF cooperative,4,True,3.1164432148035885,2.8210423477170115,3.679838278884179,3.6804131312500763,3.7071386536679802,1.0495085433829923,3.6804685775776345,89972,28,709,6893,282,30,397,14,161,1800.0,drop,p=0.9,0.9,4
3,map_blind,EKF cooperative,5,True,2.0737305724049264,1.1875232455930342,0.512298035534795,5.271086620567693,8.203534772067783,1.2480970261373305,0.2589553175520283,89972,28,709,6893,282,30,397,264,2196,1800.0,drop,p=0.9,0.9,4
3,map_blind,EKF cooperative,1,False,0.0854832822033719,0.06680683583401698,0.054019283630660414,0.17273685665030403,0.45246675035786155,0.08967608056122882,0.03420197627306006,89943,57,0,6893,0,0,0,0,1292,1800.0,drop,p=1,1.0,0
3,map_blind,EKF cooperative,2,False,0.12020907855359264,0.09370170193037204,0.07549192292559778,0.24289371706337143,0.5589495173573782,0.06972760371951797,0.09997327564970297,89972,28,0,6893,0,0,0,0,1427,1800.0,drop,p=1,1.0,0
3,map_blind,EKF cooperative,3,True,6.8320157652207465,5.902067876026354,6.496966248980822,11.049208416509414,14.899569073155225,1.8253654067712963,7.967619769353153,84162,5838,0,6893,0,0,0,0,1817,1800.0,drop,p=1,1.0,0
3,map_blind,EKF cooperative,4,True,3.194156613882999,2.8995198984425192,3.774335631114792,3.7749245201242814,3.8181882472830777,1.1757284221974729,3.774980626752857,89972,28,0,6893,0,0,0,0,161,1800.0,drop,p=1,1.0,0
3,map_blind,EKF cooperative,5,True,4.546383569507114,3.816003586194109,3.538290803085785,8.398218186995788,10.657681787372574,1.764008204976124,2.795019335429136,89972,28,0,6893,0,0,0,0,2196,1800.0,drop,p=1,1.0,0
3,map_blind,EKF cooperative,1,False,0.0854832822033719,0.06680683583401698,0.054019283630660414,0.17273685665030403,0.45246675035786155,0.08967608056122882,0.03420197627306006,89943,57,0,6893,0,0,0,0,1292,1800.0,drop,p=1,1.0,1
3,map_blind,EKF cooperative,2,False,0.12020907855359264,0.09370170193037204,0.07549192292559778,0.24289371706337143,0.5589495173573782,0.06972760371951797,0.09997327564970297,89972,28,0,6893,0,0,0,0,1427,1800.0,drop,p=1,1.0,1
3,map_blind,EKF cooperative,3,True,6.8320157652207465,5.902067876026354,6.496966248980822,11.049208416509414,14.899569073155225,1.8253654067712963,7.967619769353153,84162,5838,0,6893,0,0,0,0,1817,1800.0,drop,p=1,1.0,1
3,map_blind,EKF cooperative,4,True,3.194156613882999,2.8995198984425192,3.774335631114792,3.7749245201242814,3.8181882472830777,1.1757284221974729,3.774980626752857,89972,28,0,6893,0,0,0,0,161,1800.0,drop,p=1,1.0,1
3,map_blind,EKF cooperative,5,True,4.546383569507114,3.816003586194109,3.538290803085785,8.398218186995788,10.657681787372574,1.764008204976124,2.795019335429136,89972,28,0,6893,0,0,0,0,2196,1800.0,drop,p=1,1.0,1
3,map_blind,EKF cooperative,1,False,0.0854832822033719,0.06680683583401698,0.054019283630660414,0.17273685665030403,0.45246675035786155,0.08967608056122882,0.03420197627306006,89943,57,0,6893,0,0,0,0,1292,1800.0,drop,p=1,1.0,2
3,map_blind,EKF cooperative,2,False,0.12020907855359264,0.09370170193037204,0.07549192292559778,0.24289371706337143,0.5589495173573782,0.06972760371951797,0.09997327564970297,89972,28,0,6893,0,0,0,0,1427,1800.0,drop,p=1,1.0,2
3,map_blind,EKF cooperative,3,True,6.8320157652207465,5.902067876026354,6.496966248980822,11.049208416509414,14.899569073155225,1.8253654067712963,7.967619769353153,84162,5838,0,6893,0,0,0,0,1817,1800.0,drop,p=1,1.0,2
3,map_blind,EKF cooperative,4,True,3.194156613882999,2.8995198984425192,3.774335631114792,3.7749245201242814,3.8181882472830777,1.1757284221974729,3.774980626752857,89972,28,0,6893,0,0,0,0,161,1800.0,drop,p=1,1.0,2
3,map_blind,EKF cooperative,5,True,4.546383569507114,3.816003586194109,3.538290803085785,8.398218186995788,10.657681787372574,1.764008204976124,2.795019335429136,89972,28,0,6893,0,0,0,0,2196,1800.0,drop,p=1,1.0,2
3,map_blind,EKF cooperative,1,False,0.0854832822033719,0.06680683583401698,0.054019283630660414,0.17273685665030403,0.45246675035786155,0.08967608056122882,0.03420197627306006,89943,57,0,6893,0,0,0,0,1292,1800.0,drop,p=1,1.0,3
3,map_blind,EKF cooperative,2,False,0.12020907855359264,0.09370170193037204,0.07549192292559778,0.24289371706337143,0.5589495173573782,0.06972760371951797,0.09997327564970297,89972,28,0,6893,0,0,0,0,1427,1800.0,drop,p=1,1.0,3
3,map_blind,EKF cooperative,3,True,6.8320157652207465,5.902067876026354,6.496966248980822,11.049208416509414,14.899569073155225,1.8253654067712963,7.967619769353153,84162,5838,0,6893,0,0,0,0,1817,1800.0,drop,p=1,1.0,3
3,map_blind,EKF cooperative,4,True,3.194156613882999,2.8995198984425192,3.774335631114792,3.7749245201242814,3.8181882472830777,1.1757284221974729,3.774980626752857,89972,28,0,6893,0,0,0,0,161,1800.0,drop,p=1,1.0,3
3,map_blind,EKF cooperative,5,True,4.546383569507114,3.816003586194109,3.538290803085785,8.398218186995788,10.657681787372574,1.764008204976124,2.795019335429136,89972,28,0,6893,0,0,0,0,2196,1800.0,drop,p=1,1.0,3
3,map_blind,EKF cooperative,1,False,0.0854832822033719,0.06680683583401698,0.054019283630660414,0.17273685665030403,0.45246675035786155,0.08967608056122882,0.03420197627306006,89943,57,0,6893,0,0,0,0,1292,1800.0,drop,p=1,1.0,4
3,map_blind,EKF cooperative,2,False,0.12020907855359264,0.09370170193037204,0.07549192292559778,0.24289371706337143,0.5589495173573782,0.06972760371951797,0.09997327564970297,89972,28,0,6893,0,0,0,0,1427,1800.0,drop,p=1,1.0,4
3,map_blind,EKF cooperative,3,True,6.8320157652207465,5.902067876026354,6.496966248980822,11.049208416509414,14.899569073155225,1.8253654067712963,7.967619769353153,84162,5838,0,6893,0,0,0,0,1817,1800.0,drop,p=1,1.0,4
3,map_blind,EKF cooperative,4,True,3.194156613882999,2.8995198984425192,3.774335631114792,3.7749245201242814,3.8181882472830777,1.1757284221974729,3.774980626752857,89972,28,0,6893,0,0,0,0,161,1800.0,drop,p=1,1.0,4
3,map_blind,EKF cooperative,5,True,4.546383569507114,3.816003586194109,3.538290803085785,8.398218186995788,10.657681787372574,1.764008204976124,2.795019335429136,89972,28,0,6893,0,0,0,0,2196,1800.0,drop,p=1,1.0,4
4,full_map,EKF cooperative,1,False,0.07879036734918472,0.06576876399088097,0.06356641281992573,0.1291578323349911,0.37061423451707326,0.05957006773081064,0.0538644748866062,69972,28,6845,6845,2824,3,4018,1341,1341,1400.0,drop,p=0,0.0,0
4,full_map,EKF cooperative,2,False,0.09128927974881038,0.07600073416592443,0.06932354806879483,0.16454166586876157,0.40293506342518653,0.055552093424523837,0.04505291885211672,69972,28,6845,6845,2824,3,4018,1135,1135,1400.0,drop,p=0,0.0,0
4,full_map,EKF cooperative,3,False,0.10519476792189957,0.08441163533184605,0.06920000501744905,0.2117038584279134,0.49937729334031605,0.05939201265559457,0.12113141607298927,69972,28,6845,6845,2824,3,4018,1277,1277,1400.0,drop,p=0,0.0,0
4,full_map,EKF cooperative,4,False,0.16800764723576278,0.14267161130390418,0.12723455934521788,0.3305327148719482,0.6108498031137589,0.07761309051790957,0.10141817416382988,69972,28,6845,6845,2824,3,4018,756,756,1400.0,drop,p=0,0.0,0
4,full_map,EKF cooperative,5,False,0.11131938785237046,0.0915449143854836,0.08012725917626552,0.21788729029781562,0.39921143942776943,0.07750878030024735,0.09757498682793338,69972,28,6845,6845,2824,3,4018,2336,2336,1400.0,drop,p=0,0.0,0
4,full_map,EKF cooperative,1,False,0.07879036734918472,0.06576876399088097,0.06356641281992573,0.1291578323349911,0.37061423451707326,0.05957006773081064,0.0538644748866062,69972,28,6845,6845,2824,3,4018,1341,1341,1400.0,drop,p=0,0.0,1
4,full_map,EKF cooperative,2,False,0.09128927974881038,0.07600073416592443,0.06932354806879483,0.16454166586876157,0.40293506342518653,0.055552093424523837,0.04505291885211672,69972,28,6845,6845,2824,3,4018,1135,1135,1400.0,drop,p=0,0.0,1
4,full_map,EKF cooperative,3,False,0.10519476792189957,0.08441163533184605,0.06920000501744905,0.2117038584279134,0.49937729334031605,0.05939201265559457,0.12113141607298927,69972,28,6845,6845,2824,3,4018,1277,1277,1400.0,drop,p=0,0.0,1
4,full_map,EKF cooperative,4,False,0.16800764723576278,0.14267161130390418,0.12723455934521788,0.3305327148719482,0.6108498031137589,0.07761309051790957,0.10141817416382988,69972,28,6845,6845,2824,3,4018,756,756,1400.0,drop,p=0,0.0,1
4,full_map,EKF cooperative,5,False,0.11131938785237046,0.0915449143854836,0.08012725917626552,0.21788729029781562,0.39921143942776943,0.07750878030024735,0.09757498682793338,69972,28,6845,6845,2824,3,4018,2336,2336,1400.0,drop,p=0,0.0,1
4,full_map,EKF cooperative,1,False,0.07879036734918472,0.06576876399088097,0.06356641281992573,0.1291578323349911,0.37061423451707326,0.05957006773081064,0.0538644748866062,69972,28,6845,6845,2824,3,4018,1341,1341,1400.0,drop,p=0,0.0,2
4,full_map,EKF cooperative,2,False,0.09128927974881038,0.07600073416592443,0.06932354806879483,0.16454166586876157,0.40293506342518653,0.055552093424523837,0.04505291885211672,69972,28,6845,6845,2824,3,4018,1135,1135,1400.0,drop,p=0,0.0,2
4,full_map,EKF cooperative,3,False,0.10519476792189957,0.08441163533184605,0.06920000501744905,0.2117038584279134,0.49937729334031605,0.05939201265559457,0.12113141607298927,69972,28,6845,6845,2824,3,4018,1277,1277,1400.0,drop,p=0,0.0,2
4,full_map,EKF cooperative,4,False,0.16800764723576278,0.14267161130390418,0.12723455934521788,0.3305327148719482,0.6108498031137589,0.07761309051790957,0.10141817416382988,69972,28,6845,6845,2824,3,4018,756,756,1400.0,drop,p=0,0.0,2
4,full_map,EKF cooperative,5,False,0.11131938785237046,0.0915449143854836,0.08012725917626552,0.21788729029781562,0.39921143942776943,0.07750878030024735,0.09757498682793338,69972,28,6845,6845,2824,3,4018,2336,2336,1400.0,drop,p=0,0.0,2
4,full_map,EKF cooperative,1,False,0.07879036734918472,0.06576876399088097,0.06356641281992573,0.1291578323349911,0.37061423451707326,0.05957006773081064,0.0538644748866062,69972,28,6845,6845,2824,3,4018,1341,1341,1400.0,drop,p=0,0.0,3
4,full_map,EKF cooperative,2,False,0.09128927974881038,0.07600073416592443,0.06932354806879483,0.16454166586876157,0.40293506342518653,0.055552093424523837,0.04505291885211672,69972,28,6845,6845,2824,3,4018,1135,1135,1400.0,drop,p=0,0.0,3
4,full_map,EKF cooperative,3,False,0.10519476792189957,0.08441163533184605,0.06920000501744905,0.2117038584279134,0.49937729334031605,0.05939201265559457,0.12113141607298927,69972,28,6845,6845,2824,3,4018,1277,1277,1400.0,drop,p=0,0.0,3
4,full_map,EKF cooperative,4,False,0.16800764723576278,0.14267161130390418,0.12723455934521788,0.3305327148719482,0.6108498031137589,0.07761309051790957,0.10141817416382988,69972,28,6845,6845,2824,3,4018,756,756,1400.0,drop,p=0,0.0,3
4,full_map,EKF cooperative,5,False,0.11131938785237046,0.0915449143854836,0.08012725917626552,0.21788729029781562,0.39921143942776943,0.07750878030024735,0.09757498682793338,69972,28,6845,6845,2824,3,4018,2336,2336,1400.0,drop,p=0,0.0,3
4,full_map,EKF cooperative,1,False,0.07879036734918472,0.06576876399088097,0.06356641281992573,0.1291578323349911,0.37061423451707326,0.05957006773081064,0.0538644748866062,69972,28,6845,6845,2824,3,4018,1341,1341,1400.0,drop,p=0,0.0,4
4,full_map,EKF cooperative,2,False,0.09128927974881038,0.07600073416592443,0.06932354806879483,0.16454166586876157,0.40293506342518653,0.055552093424523837,0.04505291885211672,69972,28,6845,6845,2824,3,4018,1135,1135,1400.0,drop,p=0,0.0,4
4,full_map,EKF cooperative,3,False,0.10519476792189957,0.08441163533184605,0.06920000501744905,0.2117038584279134,0.49937729334031605,0.05939201265559457,0.12113141607298927,69972,28,6845,6845,2824,3,4018,1277,1277,1400.0,drop,p=0,0.0,4
4,full_map,EKF cooperative,4,False,0.16800764723576278,0.14267161130390418,0.12723455934521788,0.3305327148719482,0.6108498031137589,0.07761309051790957,0.10141817416382988,69972,28,6845,6845,2824,3,4018,756,756,1400.0,drop,p=0,0.0,4
4,full_map,EKF cooperative,5,False,0.11131938785237046,0.0915449143854836,0.08012725917626552,0.21788729029781562,0.39921143942776943,0.07750878030024735,0.09757498682793338,69972,28,6845,6845,2824,3,4018,2336,2336,1400.0,drop,p=0,0.0,4
4,full_map,EKF cooperative,1,False,0.07848544113227067,0.06545665349809324,0.0632274521627194,0.12829807670223814,0.37081711817462204,0.05960264945502214,0.053909786461795194,69972,28,5095,6845,2190,2,2903,1003,1341,1400.0,drop,p=0.25,0.25,0
4,full_map,EKF cooperative,2,False,0.09152901213546641,0.07601768914362812,0.06888957007936479,0.16847608324517105,0.40323267551584907,0.05557066535690843,0.04488456764299056,69972,28,5095,6845,2190,2,2903,852,1135,1400.0,drop,p=0.25,0.25,0
4,full_map,EKF cooperative,3,False,0.10506862224254486,0.08417975910935999,0.06851556181115066,0.21175485288871185,0.4994223129116623,0.05922592676084617,0.12159830589763877,69972,28,5095,6845,2190,2,2903,946,1277,1400.0,drop,p=0.25,0.25,0
4,full_map,EKF cooperative,4,False,0.16694749597252292,0.14184952496834854,0.1260377238324062,0.3296481121750357,0.6108704534220448,0.07825286333380725,0.09378559724141315,69972,28,5095,6845,2190,2,2903,545,756,1400.0,drop,p=0.25,0.25,0
4,full_map,EKF cooperative,5,False,0.11100804079866122,0.09105956689971217,0.07851933041783175,0.21754146950927772,0.3992199183664062,0.07749421490954513,0.10805731050427986,69972,28,5095,6845,2190,2,2903,1749,2336,1400.0,drop,p=0.25,0.25,0
4,full_map,EKF cooperative,1,False,0.0780014909463137,0.06486575575771324,0.06258658824005581,0.1282764318145482,0.37019277790616323,0.05937303791559243,0.053639545133054654,69972,28,5156,6845,2197,2,2957,991,1341,1400.0,drop,p=0.25,0.25,1
4,full_map,EKF cooperative,2,False,0.0908361330883128,0.0755210587439838,0.06817798639149192,0.16414976810184448,0.4032362739648913,0.055916322345102305,0.044978616819214765,69972,28,5156,6845,2197,2,2957,849,1135,1400.0,drop,p=0.25,0.25,1
4,full_map,EKF cooperative,3,False,0.10492844078097377,0.08398558824431426,0.06820522671442525,0.2116169871348975,0.49933204237785617,0.05989901991136713,0.1214221223924609,69972,28,5156,6845,2197,2,2957,960,1277,1400.0,drop,p=0.25,0.25,1
4,full_map,EKF cooperative,4,False,0.16711845916176368,0.14143092673881685,0.12558963692403627,0.32997118218897875,0.6108425191009293,0.07776018556780986,0.09328437326279954,69972,28,5156,6845,2197,2,2957,586,756,1400.0,drop,p=0.25,0.25,1
4,full_map,EKF cooperative,5,False,0.1109666972257893,0.0909975563724296,0.07896353972735981,0.2169973703358367,0.3992183966736859,0.07754658145606434,0.10997551111075954,69972,28,5156,6845,2197,2,2957,1770,2336,1400.0,drop,p=0.25,0.25,1
4,full_map,EKF cooperative,1,False,0.07833032868016468,0.06537696567973869,0.0633749866287536,0.12710204671827158,0.36893111127753053,0.059319857032516875,0.05398318651067994,69972,28,5096,6845,2185,3,2908,1009,1341,1400.0,drop,p=0.25,0.25,2
4,full_map,EKF cooperative,2,False,0.090830873927734,0.0755326820491846,0.06887318184048459,0.16451426634523228,0.40322785380708026,0.0554150727011011,0.04511902008028025,69972,28,5096,6845,2185,3,2908,844,1135,1400.0,drop,p=0.25,0.25,2
4,full_map,EKF cooperative,3,False,0.10517873901128416,0.0843304717758002,0.06892928990638691,0.21158155564182562,0.4992673315957384,0.06032147735815865,0.1224730568859252,69972,28,5096,6845,2185,3,2908,932,1277,1400.0,drop,p=0.25,0.25,2
4,full_map,EKF cooperative,4,False,0.1664405692691672,0.14131850183381603,0.1255539466451602,0.3282254667986773,0.6108550697437723,0.07729647596928599,0.09762219373939035,69972,28,5096,6845,2185,3,2908,572,756,1400.0,drop,p=0.25,0.25,2
4,full_map,EKF cooperative,5,False,0.1106616345420038,0.09079318339882875,0.07859941614462465,0.21598101739322315,0.3992299569741657,0.07742915182049998,0.10998765191028971,69972,28,5096,6845,2185,3,2908,1739,2336,1400.0,drop,p=0.25,0.25,2
4,full_map,EKF cooperative,1,False,0.07806402176745265,0.06510950114451813,0.06329840816994019,0.12396922305776767,0.37003885156051025,0.05934582267317207,0.053647708841981,69972,28,5077,6845,2186,1,2890,1018,1341,1400.0,drop,p=0.25,0.25,3
4,full_map,EKF cooperative,2,False,0.0908953259509205,0.07552011675855419,0.06835270997637556,0.16534736440237102,0.40293000070773205,0.05563992787803557,0.04504814711129686,69972,28,5077,6845,2186,1,2890,833,1135,1400.0,drop,p=0.25,0.25,3
4,full_map,EKF cooperative,3,False,0.10510739593074535,0.08423833380571209,0.06841451405122859,0.21157453134612597,0.4992721581529618,0.05999475642498445,0.12236455428194735,69972,28,5077,6845,2186,1,2890,955,1277,1400.0,drop,p=0.25,0.25,3
4,full_map,EKF cooperative,4,False,0.16695999374153078,0.14161346224688537,0.12508773961469094,0.3297498758382461,0.610712658971768,0.0778024329676281,0.10101860259836819,69972,28,5077,6845,2186,1,2890,555,756,1400.0,drop,p=0.25,0.25,3
4,full_map,EKF cooperative,5,False,0.11112415307014749,0.09127947604289657,0.07959336064728473,0.21547544041232003,0.3992057209008466,0.07759204703193194,0.09729041638767695,69972,28,5077,6845,2186,1,2890,1716,2336,1400.0,drop,p=0.25,0.25,3
4,full_map,EKF cooperative,1,False,0.07850565873718088,0.0652770782175053,0.06287605527928183,0.13041657128457187,0.36953874725751806,0.059423608373083685,0.053836068263395064,69972,28,5138,6845,2210,2,2926,997,1341,1400.0,drop,p=0.25,0.25,4
4,full_map,EKF cooperative,2,False,0.09161039141639989,0.07605757254655164,0.06869563777650084,0.16841513278122047,0.40323332668448214,0.055605821364459546,0.04498697827913655,69972,28,5138,6845,2210,2,2926,869,1135,1400.0,drop,p=0.25,0.25,4
4,full_map,EKF cooperative,3,False,0.10524629991737801,0.08444979750821947,0.06912697736903589,0.21157480198714854,0.4993065264832626,0.05941129938073773,0.12233009395687125,69972,28,5138,6845,2210,2,2926,949,1277,1400.0,drop,p=0.25,0.25,4
4,full_map,EKF cooperative,4,False,0.16640726347130216,0.14096387510036476,0.1246343514849376,0.33047669297493537,0.6106936439136653,0.07795528240545901,0.09600896221236652,69972,28,5138,6845,2210,2,2926,556,756,1400.0,drop,p=0.25,0.25,4
4,full_map,EKF cooperative,5,False,0.11100790041408748,0.0912699617148886,0.07924138779260137,0.21579464852188102,0.3992170615891449,0.07748991494586907,0.10705089589223667,69972,28,5138,6845,2210,2,2926,1767,2336,1400.0,drop,p=0.25,0.25,4
4,full_map,EKF cooperative,1,False,0.07817163732333023,0.06495853197338858,0.06267930937581298,0.1291200506774183,0.37041760004701213,0.05958963957655295,0.05394697023583725,69972,28,3399,6845,1519,1,1879,663,1341,1400.0,drop,p=0.5,0.5,0
4,full_map,EKF cooperative,2,False,0.09098562311739081,0.0752797503179968,0.06725843510926545,0.16804939620078,0.40410963009857787,0.05558351948263402,0.0448023560484849,69972,28,3399,6845,1519,1,1879,557,1135,1400.0,drop,p=0.5,0.5,0
4,full_map,EKF cooperative,3,False,0.10562055775590544,0.08468514957436922,0.06822504213141534,0.21201686190904337,0.49927403257898945,0.060147857707688566,0.12378421280029843,69972,28,3399,6845,1519,1,1879,662,1277,1400.0,drop,p=0.5,0.5,0
4,full_map,EKF cooperative,4,False,0.16595116627556414,0.140756446742583,0.12498317692669539,0.3296121833592154,0.6108542441568492,0.07887370577098993,0.07294529626674827,69972,28,3399,6845,1519,1,1879,375,756,1400.0,drop,p=0.5,0.5,0
4,full_map,EKF cooperative,5,False,0.11091467926772171,0.09082248420405509,0.07824196376729231,0.21828604128565718,0.3992171576495583,0.07744454393507495,0.10734583240563762,69972,28,3399,6845,1519,1,1879,1142,2336,1400.0,drop,p=0.5,0.5,0
4,full_map,EKF cooperative,1,False,0.07786764442299102,0.06453532480161854,0.06226725244550387,0.13020057758996267,0.36937884982389135,0.05934825278050965,0.053844934072498164,69972,28,3471,6845,1578,1,1892,675,1341,1400.0,drop,p=0.5,0.5,1
4,full_map,EKF cooperative,2,False,0.09117723652693921,0.07544968673074076,0.06716841446305544,0.1681373934035568,0.40323298928084916,0.05634737371741525,0.04498045224772647,69972,28,3471,6845,1578,1,1892,588,1135,1400.0,drop,p=0.5,0.5,1
4,full_map,EKF cooperative,3,False,0.10563289908416645,0.08453589734155852,0.06806605539942363,0.21186983753596494,0.49911991501359726,0.061059224861688875,0.12252709768686094,69972,28,3471,6845,1578,1,1892,639,1277,1400.0,drop,p=0.5,0.5,1
4,full_map,EKF cooperative,4,False,0.16672201152848512,0.1408220734936297,0.12366892218587314,0.3326799830550774,0.6108540043804049,0.07781097516635559,0.09335535209916944,69972,28,3471,6845,1578,1,1892,401,756,1400.0,drop,p=0.5,0.5,1
4,full_map,EKF cooperative,5,False,0.11029904129216722,0.09039649356512035,0.07846781896752826,0.21532738885469288,0.39921878528029625,0.0775030301556913,0.10956775365194901,69972,28,3471,6845,1578,1,1892,1168,2336,1400.0,drop,p=0.5,0.5,1
4,full_map,EKF cooperative,1,False,0.07808943931812062,0.06488568851202373,0.06275806510834842,0.13006080975553322,0.3687266158040191,0.05936311467910519,0.05357293680653211,69972,28,3415,6845,1539,3,1873,669,1341,1400.0,drop,p=0.5,0.5,2
4,full_map,EKF cooperative,2,False,0.09099449185003733,0.07535865467902009,0.06775918053545948,0.16618974268699727,0.40410963009857787,0.05550403113108281,0.04513570502999897,69972,28,3415,6845,1539,3,1873,575,1135,1400.0,drop,p=0.5,0.5,2
4,full_map,EKF cooperative,3,False,0.10542586736859978,0.08436665631388297,0.06805344323942022,0.21197161649068708,0.4990056996454808,0.06099067299600952,0.12383266739610556,69972,28,3415,6845,1539,3,1873,604,1277,1400.0,drop,p=0.5,0.5,2
4,full_map,EKF cooperative,4,False,0.1652680296408193,0.1399120668709114,0.12353349754356122,0.33030165184566584,0.6108577749830512,0.07748428515217602,0.06908724612322115,69972,28,3415,6845,1539,3,1873,388,756,1400.0,drop,p=0.5,0.5,2
4,full_map,EKF cooperative,5,False,0.11044682621388124,0.09044755590122415,0.07807741043327304,0.21505363062317215,0.39923214955135433,0.07758799473511632,0.10973554364403361,69972,28,3415,6845,1539,3,1873,1179,2336,1400.0,drop,p=0.5,0.5,2
4,full_map,EKF cooperative,1,False,0.07761739880386005,0.06449021105711783,0.0627404001073614,0.12456621213809957,0.369845293354416,0.059326647335653224,0.053843323287149567,69972,28,3380,6845,1490,1,1889,684,1341,1400.0,drop,p=0.5,0.5,3
4,full_map,EKF cooperative,2,False,0.09055502700253129,0.075068480413082,0.06705766706768423,0.16486096889484103,0.4029141359795745,0.056273378586747136,0.045135599715478106,69972,28,3380,6845,1490,1,1889,531,1135,1400.0,drop,p=0.5,0.5,3
4,full_map,EKF cooperative,3,False,0.10537170559417458,0.0841311015609306,0.06769508113637299,0.2120256982182182,0.4992472224895491,0.059861920349768505,0.12429713741289797,69972,28,3380,6845,1490,1,1889,643,1277,1400.0,drop,p=0.5,0.5,3
4,full_map,EKF cooperative,4,False,0.16587988772273166,0.14059430367489062,0.12385736740645609,0.332698195758655,0.6107381756816017,0.07774803765829222,0.09463907584339627,69972,28,3380,6845,1490,1,1889,361,756,1400.0,drop,p=0.5,0.5,3
4,full_map,EKF cooperative,5,False,0.11075261160278489,0.09066717372743557,0.07862947808529072,0.216610301414323,0.3992100267413626,0.07752291483334325,0.09719086368052555,69972,28,3380,6845,1490,1,1889,1161,2336,1400.0,drop,p=0.5,0.5,3
4,full_map,EKF cooperative,1,False,0.07793877627621537,0.06454699070583512,0.06228581486178803,0.13080601769744757,0.3691438122856732,0.05934697045606211,0.05404773857372636,69972,28,3428,6845,1532,1,1895,665,1341,1400.0,drop,p=0.5,0.5,4
4,full_map,EKF cooperative,2,False,0.09143934112301895,0.07558314678410069,0.06729415493317484,0.1700708677341599,0.4032319358629801,0.056264763542953504,0.04498173156898615,69972,28,3428,6845,1532,1,1895,564,1135,1400.0,drop,p=0.5,0.5,4
4,full_map,EKF cooperative,3,False,0.10579814066387394,0.08476001061525536,0.06843981034945695,0.21180736751348717,0.49928698425131224,0.05941694904438989,0.12393821308899954,69972,28,3428,6845,1532,1,1895,637,1277,1400.0,drop,p=0.5,0.5,4
4,full_map,EKF cooperative,4,False,0.1658394773346484,0.14033714350504015,0.12366678058742503,0.3318079828420822,0.6106908841883333,0.07764213224813593,0.08336587347078221,69972,28,3428,6845,1532,1,1895,375,756,1400.0,drop,p=0.5,0.5,4
4,full_map,EKF cooperative,5,False,0.11086450558754517,0.09096623034400389,0.07827795416909994,0.21763973644012216,0.39921309645321373,0.07761279507171699,0.10640819198648678,69972,28,3428,6845,1532,1,1895,1187,2336,1400.0,drop,p=0.5,0.5,4
4,full_map,EKF cooperative,1,False,0.0784247359892188,0.06493873392904076,0.06256338121967082,0.131588785716963,0.3688632534217679,0.05957260618745027,0.053794332992390594,69972,28,1710,6845,797,0,913,353,1341,1400.0,drop,p=0.75,0.75,0
4,full_map,EKF cooperative,2,False,0.091654573256519,0.07560233169822345,0.06676071691859703,0.17087186057314385,0.40410963009857787,0.0557460966713035,0.0451398308189973,69972,28,1710,6845,797,0,913,283,1135,1400.0,drop,p=0.75,0.75,0
4,full_map,EKF cooperative,3,False,0.10648198677448564,0.08508454542401699,0.06797439672721048,0.2155204251843881,0.49917404164964374,0.06051670899578906,0.12614586122024363,69972,28,1710,6845,797,0,913,335,1277,1400.0,drop,p=0.75,0.75,0
4,full_map,EKF cooperative,4,False,0.16559558582164605,0.1397682368500667,0.12247967353707043,0.3339383295383015,0.6108450442625871,0.0789059891324803,0.07296989295686804,69972,28,1710,6845,797,0,913,189,756,1400.0,drop,p=0.75,0.75,0
4,full_map,EKF cooperative,5,False,0.11089545787011834,0.09081260427914763,0.07858424279614612,0.21911700739397436,0.3991997181426009,0.07756819883487119,0.10797985615490484,69972,28,1710,6845,797,0,913,550,2336,1400.0,drop,p=0.75,0.75,0
4,full_map,EKF cooperative,1,False,0.07805966025574511,0.06435278706710154,0.06222829091467977,0.13066111182575482,0.37023253422554325,0.05973361502878876,0.053873990666931985,69972,28,1761,6845,824,1,936,349,1341,1400.0,drop,p=0.75,0.75,1
4,full_map,EKF cooperative,2,False,0.09151809861986736,0.07569648823236601,0.06721225692027569,0.16924398116812184,0.40322991221014876,0.05695459783020324,0.04498823953464049,69972,28,1761,6845,824,1,936,294,1135,1400.0,drop,p=0.75,0.75,1
4,full_map,EKF cooperative,3,False,0.10659078940108722,0.08517760249231075,0.06826605655805133,0.21536018177162403,0.49911558468920003,0.06209354231667072,0.1251954743177802,69972,28,1761,6845,824,1,936,304,1277,1400.0,drop,p=0.75,0.75,1
4,full_map,EKF cooperative,4,False,0.16579147311018663,0.14016646047753548,0.12394543971731337,0.3339107271416352,0.6108479081392898,0.07746227584112701,0.09918381310530139,69972,28,1761,6845,824,1,936,198,756,1400.0,drop,p=0.75,0.75,1
4,full_map,EKF cooperative,5,False,0.11047972117660963,0.09049247220175276,0.07831222690828199,0.21754487188935237,0.3992143252814721,0.07768583965765995,0.11121201069653235,69972,28,1761,6845,824,1,936,616,2336,1400.0,drop,p=0.75,0.75,1
4,full_map,EKF cooperative,1,False,0.07773421794055818,0.06422270844619966,0.06213813169475027,0.12980157354072117,0.3696206672794331,0.059559577750270286,0.05353972338103273,69972,28,1760,6845,815,2,943,348,1341,1400.0,drop,p=0.75,0.75,2
4,full_map,EKF cooperative,2,False,0.09048640493631548,0.07462757271172414,0.06626928724928074,0.16777588822363235,0.40410963009857787,0.05585470783377803,0.045135473889626104,69972,28,1760,6845,815,2,943,312,1135,1400.0,drop,p=0.75,0.75,2
4,full_map,EKF cooperative,3,False,0.1061093417703536,0.08476274066426619,0.06777029140217364,0.21440403684420434,0.49880680384307247,0.06121613445957689,0.12591508015372996,69972,28,1760,6845,815,2,943,299,1277,1400.0,drop,p=0.75,0.75,2
4,full_map,EKF cooperative,4,False,0.16504089200692632,0.1392571777740792,0.12280107687369797,0.3315726196681799,0.6107483113112298,0.07782109896161112,0.07027740389723416,69972,28,1760,6845,815,2,943,195,756,1400.0,drop,p=0.75,0.75,2
4,full_map,EKF cooperative,5,False,0.11005496412340844,0.08998403398175309,0.07749053862678434,0.21726312223148156,0.3992303438312178,0.07767804254188872,0.10964204777889396,69972,28,1760,6845,815,2,943,606,2336,1400.0,drop,p=0.75,0.75,2
4,full_map,EKF cooperative,1,False,0.07805577687049323,0.06467045247203794,0.06257480333151626,0.1293560180042622,0.371175836337036,0.05974814530504859,0.05360089573243657,69972,28,1693,6845,781,0,912,360,1341,1400.0,drop,p=0.75,0.75,3
4,full_map,EKF cooperative,2,False,0.09127374021097392,0.07522520078316916,0.06629984321190381,0.1711452943761579,0.4025885810491471,0.05727214243416325,0.045134252890181,69972,28,1693,6845,781,0,912,265,1135,1400.0,drop,p=0.75,0.75,3
4,full_map,EKF cooperative,3,False,0.10646327239125002,0.08501599346499462,0.06822984801220355,0.21425653218046298,0.49895301786803814,0.060108358620798365,0.12625407957783263,69972,28,1693,6845,781,0,912,314,1277,1400.0,drop,p=0.75,0.75,3
4,full_map,EKF cooperative,4,False,0.16576715673518294,0.13998073707454642,0.12344361068932083,0.33336831091863883,0.6107247421242948,0.07801443450321327,0.11035612729054933,69972,28,1693,6845,781,0,912,172,756,1400.0,drop,p=0.75,0.75,3
4,full_map,EKF cooperative,5,False,0.11052768193286337,0.09052754007699625,0.07758309279869942,0.21857459028148546,0.39920171320214626,0.0776774044516495,0.12418095516047079,69972,28,1693,6845,781,0,912,582,2336,1400.0,drop,p=0.75,0.75,3
4,full_map,EKF cooperative,1,False,0.07826824579737161,0.06468554089101865,0.06237329890927697,0.13090468902755759,0.36973010672034323,0.059659804256444265,0.05406031104048359,69972,28,1740,6845,794,1,945,339,1341,1400.0,drop,p=0.75,0.75,4
4,full_map,EKF cooperative,2,False,0.0911843844072542,0.07526357203545364,0.06681689544813767,0.16970647949596387,0.4032264912389119,0.05613428303904815,0.0449713293740767,69972,28,1740,6845,794,1,945,270,1135,1400.0,drop,p=0.75,0.75,4
4,full_map,EKF cooperative,3,False,0.10655422659698055,0.08532030655255132,0.06882418259049264,0.21272056479799686,0.49896866830529485,0.06105601502127915,0.12591268758734245,69972,28,1740,6845,794,1,945,354,1277,1400.0,drop,p=0.75,0.75,4
4,full_map,EKF cooperative,4,False,0.16579894014317867,0.1401111075008698,0.12372402179114603,0.33469199396642557,0.610713856895086,0.07792682423281587,0.09743504958326742,69972,28,1740,6845,794,1,945,180,756,1400.0,drop,p=0.75,0.75,4
4,full_map,EKF cooperative,5,False,0.11061594447636039,0.09052312646026844,0.07788546957411616,0.21964215855098787,0.39920314356784264,0.07760423147654147,0.12249165857857246,69972,28,1740,6845,794,1,945,597,2336,1400.0,drop,p=0.75,0.75,4
4,full_map,EKF cooperative,1,False,0.07889379614239614,0.06496457605605262,0.0625484850008134,0.13693096018716552,0.369783443249284,0.05993043777755643,0.054298886958960874,69972,28,654,6845,312,0,342,126,1341,1400.0,drop,p=0.9,0.9,0
4,full_map,EKF cooperative,2,False,0.09175195890876109,0.07551636777252857,0.06629255239803239,0.17163978445041952,0.40410963009857787,0.05619450085699161,0.0451359468334971,69972,28,654,6845,312,0,342,102,1135,1400.0,drop,p=0.9,0.9,0
4,full_map,EKF cooperative,3,False,0.10781261379177687,0.08630044607374929,0.06942772123726265,0.21830231245571977,0.49867796696319483,0.06215840166950242,0.12994731335781326,69972,28,654,6845,312,0,342,137,1277,1400.0,drop,p=0.9,0.9,0
4,full_map,EKF cooperative,4,False,0.16561503963595278,0.1393958323683692,0.12131272586607615,0.33454103252520706,0.6108496699963046,0.07840898900125498,0.06841995790050488,69972,28,654,6845,312,0,342,77,756,1400.0,drop,p=0.9,0.9,0
4,full_map,EKF cooperative,5,False,0.11094790047525661,0.09092489294555396,0.07867607719143149,0.22114160832460233,0.3992022058977589,0.07771793976167751,0.125575408262865,69972,28,654,6845,312,0,342,212,2336,1400.0,drop,p=0.9,0.9,0
4,full_map,EKF cooperative,1,False,0.0788322375667925,0.06497296870566058,0.06265533872528424,0.13318904977655935,0.37267756960671494,0.060299044823694824,0.05383902111686975,69972,28,711,6845,339,0,372,135,1341,1400.0,drop,p=0.9,0.9,1
4,full_map,EKF cooperative,2,False,0.09125637669424988,0.07516816063514035,0.06601690529526563,0.16826276090390965,0.40410963009857787,0.05661958952619321,0.045135497112445334,69972,28,711,6845,339,0,372,115,1135,1400.0,drop,p=0.9,0.9,1
4,full_map,EKF cooperative,3,False,0.10803461803602776,0.08647577911104147,0.06964113560441221,0.21823685549641156,0.49869057681880796,0.062451023007671205,0.12930738166027314,69972,28,711,6845,339,0,372,130,1277,1400.0,drop,p=0.9,0.9,1
4,full_map,EKF cooperative,4,False,0.1661124205948809,0.1403356954245499,0.12336671726148862,0.3342856420942201,0.6106951129365861,0.07963113660220253,0.0989305862966255,69972,28,711,6845,339,0,372,81,756,1400.0,drop,p=0.9,0.9,1
4,full_map,EKF cooperative,5,False,0.11080274219073404,0.09070001187368402,0.07835196114550635,0.22258689688358566,0.39920915240993576,0.07816629181720432,0.12569121700850996,69972,28,711,6845,339,0,372,250,2336,1400.0,drop,p=0.9,0.9,1
4,full_map,EKF cooperative,1,False,0.07833470329675603,0.06455154424039201,0.06235003370922109,0.13273008331237232,0.37006163617138016,0.05979460173581616,0.054209923429779795,69972,28,704,6845,343,0,361,130,1341,1400.0,drop,p=0.9,0.9,2
4,full_map,EKF cooperative,2,False,0.09179874186263084,0.07545720589525605,0.06615847472342962,0.17202440082905268,0.40410963009857787,0.056402225004284476,0.045028627998257034,69972,28,704,6845,343,0,361,136,1135,1400.0,drop,p=0.9,0.9,2
4,full_map,EKF cooperative,3,False,0.10768170044561198,0.08608785273717919,0.06925499820023172,0.2187308677251073,0.4986222867592179,0.0627142914552496,0.12942137718377808,69972,28,704,6845,343,0,361,120,1277,1400.0,drop,p=0.9,0.9,2
4,full_map,EKF cooperative,4,False,0.16523925526679026,0.13933461116474236,0.12238306312667482,0.3320689960770869,0.6107562132534343,0.07878395535414857,0.06742297622466284,69972,28,704,6845,343,0,361,85,756,1400.0,drop,p=0.9,0.9,2
4,full_map,EKF cooperative,5,False,0.1109709680357798,0.09073816679570477,0.07749746150267867,0.2238424885941756,0.3992168319092915,0.07816276191187321,0.12518988011362545,69972,28,704,6845,343,0,361,233,2336,1400.0,drop,p=0.9,0.9,2
4,full_map,EKF cooperative,1,False,0.07874291224908864,0.06491885759755679,0.06265933844709923,0.13205193173108054,0.3723877299028414,0.060293869205023345,0.054093359932900764,69972,28,697,6845,336,0,361,146,1341,1400.0,drop,p=0.9,0.9,3
4,full_map,EKF cooperative,2,False,0.09121010609392169,0.0749777386008507,0.06559277816847123,0.17112241687360946,0.4032177347048627,0.05719068206747099,0.04513465246460971,69972,28,697,6845,336,0,361,104,1135,1400.0,drop,p=0.9,0.9,3
4,full_map,EKF cooperative,3,False,0.107502360673163,0.08591672305747707,0.06925772355238974,0.2194616967627711,0.4988115931926279,0.06044624242493727,0.1294783867928438,69972,28,697,6845,336,0,361,133,1277,1400.0,drop,p=0.9,0.9,3
4,full_map,EKF cooperative,4,False,0.1656128310622344,0.13969535869901906,0.12179119012090964,0.33364933944062486,0.610713095407165,0.07789880337815915,0.09544114303713674,69972,28,697,6845,336,0,361,76,756,1400.0,drop,p=0.9,0.9,3
4,full_map,EKF cooperative,5,False,0.11095751791906319,0.09078257072970036,0.0778997857342249,0.22342203819294745,0.3992050366227704,0.07819082720288408,0.12385437847715747,69972,28,697,6845,336,0,361,238,2336,1400.0,drop,p=0.9,0.9,3
4,full_map,EKF cooperative,1,False,0.07855133837011863,0.06481904709626354,0.06264174587154789,0.1335570451178317,0.37122234473666793,0.060314972876851405,0.05443964876746999,69972,28,707,6845,321,0,386,134,1341,1400.0,drop,p=0.9,0.9,4
4,full_map,EKF cooperative,2,False,0.09160230600503294,0.07537270604730363,0.06590813371807216,0.1717388345722616,0.40410963009857787,0.056228587418347846,0.045135429520201886,69972,28,707,6845,321,0,386,110,1135,1400.0,drop,p=0.9,0.9,4
4,full_map,EKF cooperative,3,False,0.10788550596579925,0.08632827816216583,0.06972127397750125,0.21960925138257292,0.4986635701591633,0.06194705628441914,0.12849381694321038,69972,28,707,6845,321,0,386,144,1277,1400.0,drop,p=0.9,0.9,4
4,full_map,EKF cooperative,4,False,0.16521490010475914,0.13914178705424687,0.12175633768476107,0.3327063461821736,0.6107167242031777,0.0791371411845294,0.09674950162135396,69972,28,707,6845,321,0,386,69,756,1400.0,drop,p=0.9,0.9,4
4,full_map,EKF cooperative,5,False,0.11103657579753669,0.09084345164909526,0.07840308869687604,0.2238436574483926,0.39920124764109566,0.07818303108818474,0.1254551360355245,69972,28,707,6845,321,0,386,250,2336,1400.0,drop,p=0.9,0.9,4
4,full_map,EKF cooperative,1,False,0.07954156025888386,0.06539374441213376,0.0627028933673579,0.13997927396907964,0.3737720402379662,0.06061175005554812,0.054637487542550545,69972,28,0,6845,0,0,0,0,1341,1400.0,drop,p=1,1.0,0
4,full_map,EKF cooperative,2,False,0.09198949714118038,0.07546619455819643,0.06586803621696219,0.17329278950791768,0.40410963009857787,0.05651317757580648,0.04513616713969845,69972,28,0,6845,0,0,0,0,1135,1400.0,drop,p=1,1.0,0
4,full_map,EKF cooperative,3,False,0.10886198860191278,0.08734916142097533,0.07039163866316649,0.22100708975451014,0.4985540731027477,0.06247450755530052,0.13289871066716696,69972,28,0,6845,0,0,0,0,1277,1400.0,drop,p=1,1.0,0
4,full_map,EKF cooperative,4,False,0.1655920112282054,0.13949605433450282,0.12058065517312833,0.3329916470921537,0.6107154984360381,0.0794761829695811,0.06872583531384197,69972,28,0,6845,0,0,0,0,756,1400.0,drop,p=1,1.0,0
4,full_map,EKF cooperative,5,False,0.110990136064397,0.09085295629263139,0.07829787101435558,0.22413620242493837,0.3992029389170511,0.0782123015647213,0.12522173786063032,69972,28,0,6845,0,0,0,0,2336,1400.0,drop,p=1,1.0,0
4,full_map,EKF cooperative,1,False,0.07954156025888386,0.06539374441213376,0.0627028933673579,0.13997927396907964,0.3737720402379662,0.06061175005554812,0.054637487542550545,69972,28,0,6845,0,0,0,0,1341,1400.0,drop,p=1,1.0,1
4,full_map,EKF cooperative,2,False,0.09198949714118038,0.07546619455819643,0.06586803621696219,0.17329278950791768,0.40410963009857787,0.05651317757580648,0.04513616713969845,69972,28,0,6845,0,0,0,0,1135,1400.0,drop,p=1,1.0,1
4,full_map,EKF cooperative,3,False,0.10886198860191278,0.08734916142097533,0.07039163866316649,0.22100708975451014,0.4985540731027477,0.06247450755530052,0.13289871066716696,69972,28,0,6845,0,0,0,0,1277,1400.0,drop,p=1,1.0,1
4,full_map,EKF cooperative,4,False,0.1655920112282054,0.13949605433450282,0.12058065517312833,0.3329916470921537,0.6107154984360381,0.0794761829695811,0.06872583531384197,69972,28,0,6845,0,0,0,0,756,1400.0,drop,p=1,1.0,1
4,full_map,EKF cooperative,5,False,0.110990136064397,0.09085295629263139,0.07829787101435558,0.22413620242493837,0.3992029389170511,0.0782123015647213,0.12522173786063032,69972,28,0,6845,0,0,0,0,2336,1400.0,drop,p=1,1.0,1
4,full_map,EKF cooperative,1,False,0.07954156025888386,0.06539374441213376,0.0627028933673579,0.13997927396907964,0.3737720402379662,0.06061175005554812,0.054637487542550545,69972,28,0,6845,0,0,0,0,1341,1400.0,drop,p=1,1.0,2
4,full_map,EKF cooperative,2,False,0.09198949714118038,0.07546619455819643,0.06586803621696219,0.17329278950791768,0.40410963009857787,0.05651317757580648,0.04513616713969845,69972,28,0,6845,0,0,0,0,1135,1400.0,drop,p=1,1.0,2
4,full_map,EKF cooperative,3,False,0.10886198860191278,0.08734916142097533,0.07039163866316649,0.22100708975451014,0.4985540731027477,0.06247450755530052,0.13289871066716696,69972,28,0,6845,0,0,0,0,1277,1400.0,drop,p=1,1.0,2
4,full_map,EKF cooperative,4,False,0.1655920112282054,0.13949605433450282,0.12058065517312833,0.3329916470921537,0.6107154984360381,0.0794761829695811,0.06872583531384197,69972,28,0,6845,0,0,0,0,756,1400.0,drop,p=1,1.0,2
4,full_map,EKF cooperative,5,False,0.110990136064397,0.09085295629263139,0.07829787101435558,0.22413620242493837,0.3992029389170511,0.0782123015647213,0.12522173786063032,69972,28,0,6845,0,0,0,0,2336,1400.0,drop,p=1,1.0,2
4,full_map,EKF cooperative,1,False,0.07954156025888386,0.06539374441213376,0.0627028933673579,0.13997927396907964,0.3737720402379662,0.06061175005554812,0.054637487542550545,69972,28,0,6845,0,0,0,0,1341,1400.0,drop,p=1,1.0,3
4,full_map,EKF cooperative,2,False,0.09198949714118038,0.07546619455819643,0.06586803621696219,0.17329278950791768,0.40410963009857787,0.05651317757580648,0.04513616713969845,69972,28,0,6845,0,0,0,0,1135,1400.0,drop,p=1,1.0,3
4,full_map,EKF cooperative,3,False,0.10886198860191278,0.08734916142097533,0.07039163866316649,0.22100708975451014,0.4985540731027477,0.06247450755530052,0.13289871066716696,69972,28,0,6845,0,0,0,0,1277,1400.0,drop,p=1,1.0,3
4,full_map,EKF cooperative,4,False,0.1655920112282054,0.13949605433450282,0.12058065517312833,0.3329916470921537,0.6107154984360381,0.0794761829695811,0.06872583531384197,69972,28,0,6845,0,0,0,0,756,1400.0,drop,p=1,1.0,3
4,full_map,EKF cooperative,5,False,0.110990136064397,0.09085295629263139,0.07829787101435558,0.22413620242493837,0.3992029389170511,0.0782123015647213,0.12522173786063032,69972,28,0,6845,0,0,0,0,2336,1400.0,drop,p=1,1.0,3
4,full_map,EKF cooperative,1,False,0.07954156025888386,0.06539374441213376,0.0627028933673579,0.13997927396907964,0.3737720402379662,0.06061175005554812,0.054637487542550545,69972,28,0,6845,0,0,0,0,1341,1400.0,drop,p=1,1.0,4
4,full_map,EKF cooperative,2,False,0.09198949714118038,0.07546619455819643,0.06586803621696219,0.17329278950791768,0.40410963009857787,0.05651317757580648,0.04513616713969845,69972,28,0,6845,0,0,0,0,1135,1400.0,drop,p=1,1.0,4
4,full_map,EKF cooperative,3,False,0.10886198860191278,0.08734916142097533,0.07039163866316649,0.22100708975451014,0.4985540731027477,0.06247450755530052,0.13289871066716696,69972,28,0,6845,0,0,0,0,1277,1400.0,drop,p=1,1.0,4
4,full_map,EKF cooperative,4,False,0.1655920112282054,0.13949605433450282,0.12058065517312833,0.3329916470921537,0.6107154984360381,0.0794761829695811,0.06872583531384197,69972,28,0,6845,0,0,0,0,756,1400.0,drop,p=1,1.0,4
4,full_map,EKF cooperative,5,False,0.110990136064397,0.09085295629263139,0.07829787101435558,0.22413620242493837,0.3992029389170511,0.0782123015647213,0.12522173786063032,69972,28,0,6845,0,0,0,0,2336,1400.0,drop,p=1,1.0,4
4,map_blind,EKF cooperative,1,False,0.0786271429129172,0.06501484655400391,0.06269403291465081,0.13036918069761694,0.37216898618865096,0.05976601791827109,0.05303249428628958,69972,28,6845,6845,2503,8,4334,1341,1341,1400.0,drop,p=0,0.0,0
4,map_blind,EKF cooperative,2,False,0.09043981817327339,0.07507678299130392,0.06791053024007035,0.16581020661348606,0.40293506342518653,0.055697531599873645,0.04514482038210197,69972,28,6845,6845,2503,8,4334,1135,1135,1400.0,drop,p=0,0.0,0
4,map_blind,EKF cooperative,3,True,0.38171999019241487,0.25274547616805865,0.16575879518899084,1.0002533867948675,1.5620784384585555,0.2592689529884652,0.2284823484787052,69972,28,6845,6845,2503,8,4334,1277,1277,1400.0,drop,p=0,0.0,0
4,map_blind,EKF cooperative,4,True,0.462920576102017,0.371708634823685,0.3020256647573044,0.9830615245685613,1.2668947241241157,0.19015136957446135,0.08580986464943315,69972,28,6845,6845,2503,8,4334,756,756,1400.0,drop,p=0,0.0,0
4,map_blind,EKF cooperative,5,True,0.3731507640306691,0.2820396939359607,0.22952944298287645,0.6715051225374217,2.1842951007049787,0.29895552745211496,0.039724763269487665,69972,28,6845,6845,2503,8,4334,2336,2336,1400.0,drop,p=0,0.0,0
4,map_blind,EKF cooperative,1,False,0.0786271429129172,0.06501484655400391,0.06269403291465081,0.13036918069761694,0.37216898618865096,0.05976601791827109,0.05303249428628958,69972,28,6845,6845,2503,8,4334,1341,1341,1400.0,drop,p=0,0.0,1
4,map_blind,EKF cooperative,2,False,0.09043981817327339,0.07507678299130392,0.06791053024007035,0.16581020661348606,0.40293506342518653,0.055697531599873645,0.04514482038210197,69972,28,6845,6845,2503,8,4334,1135,1135,1400.0,drop,p=0,0.0,1
4,map_blind,EKF cooperative,3,True,0.38171999019241487,0.25274547616805865,0.16575879518899084,1.0002533867948675,1.5620784384585555,0.2592689529884652,0.2284823484787052,69972,28,6845,6845,2503,8,4334,1277,1277,1400.0,drop,p=0,0.0,1
4,map_blind,EKF cooperative,4,True,0.462920576102017,0.371708634823685,0.3020256647573044,0.9830615245685613,1.2668947241241157,0.19015136957446135,0.08580986464943315,69972,28,6845,6845,2503,8,4334,756,756,1400.0,drop,p=0,0.0,1
4,map_blind,EKF cooperative,5,True,0.3731507640306691,0.2820396939359607,0.22952944298287645,0.6715051225374217,2.1842951007049787,0.29895552745211496,0.039724763269487665,69972,28,6845,6845,2503,8,4334,2336,2336,1400.0,drop,p=0,0.0,1
4,map_blind,EKF cooperative,1,False,0.0786271429129172,0.06501484655400391,0.06269403291465081,0.13036918069761694,0.37216898618865096,0.05976601791827109,0.05303249428628958,69972,28,6845,6845,2503,8,4334,1341,1341,1400.0,drop,p=0,0.0,2
4,map_blind,EKF cooperative,2,False,0.09043981817327339,0.07507678299130392,0.06791053024007035,0.16581020661348606,0.40293506342518653,0.055697531599873645,0.04514482038210197,69972,28,6845,6845,2503,8,4334,1135,1135,1400.0,drop,p=0,0.0,2
4,map_blind,EKF cooperative,3,True,0.38171999019241487,0.25274547616805865,0.16575879518899084,1.0002533867948675,1.5620784384585555,0.2592689529884652,0.2284823484787052,69972,28,6845,6845,2503,8,4334,1277,1277,1400.0,drop,p=0,0.0,2
4,map_blind,EKF cooperative,4,True,0.462920576102017,0.371708634823685,0.3020256647573044,0.9830615245685613,1.2668947241241157,0.19015136957446135,0.08580986464943315,69972,28,6845,6845,2503,8,4334,756,756,1400.0,drop,p=0,0.0,2
4,map_blind,EKF cooperative,5,True,0.3731507640306691,0.2820396939359607,0.22952944298287645,0.6715051225374217,2.1842951007049787,0.29895552745211496,0.039724763269487665,69972,28,6845,6845,2503,8,4334,2336,2336,1400.0,drop,p=0,0.0,2
4,map_blind,EKF cooperative,1,False,0.0786271429129172,0.06501484655400391,0.06269403291465081,0.13036918069761694,0.37216898618865096,0.05976601791827109,0.05303249428628958,69972,28,6845,6845,2503,8,4334,1341,1341,1400.0,drop,p=0,0.0,3
4,map_blind,EKF cooperative,2,False,0.09043981817327339,0.07507678299130392,0.06791053024007035,0.16581020661348606,0.40293506342518653,0.055697531599873645,0.04514482038210197,69972,28,6845,6845,2503,8,4334,1135,1135,1400.0,drop,p=0,0.0,3
4,map_blind,EKF cooperative,3,True,0.38171999019241487,0.25274547616805865,0.16575879518899084,1.0002533867948675,1.5620784384585555,0.2592689529884652,0.2284823484787052,69972,28,6845,6845,2503,8,4334,1277,1277,1400.0,drop,p=0,0.0,3
4,map_blind,EKF cooperative,4,True,0.462920576102017,0.371708634823685,0.3020256647573044,0.9830615245685613,1.2668947241241157,0.19015136957446135,0.08580986464943315,69972,28,6845,6845,2503,8,4334,756,756,1400.0,drop,p=0,0.0,3
4,map_blind,EKF cooperative,5,True,0.3731507640306691,0.2820396939359607,0.22952944298287645,0.6715051225374217,2.1842951007049787,0.29895552745211496,0.039724763269487665,69972,28,6845,6845,2503,8,4334,2336,2336,1400.0,drop,p=0,0.0,3
4,map_blind,EKF cooperative,1,False,0.0786271429129172,0.06501484655400391,0.06269403291465081,0.13036918069761694,0.37216898618865096,0.05976601791827109,0.05303249428628958,69972,28,6845,6845,2503,8,4334,1341,1341,1400.0,drop,p=0,0.0,4
4,map_blind,EKF cooperative,2,False,0.09043981817327339,0.07507678299130392,0.06791053024007035,0.16581020661348606,0.40293506342518653,0.055697531599873645,0.04514482038210197,69972,28,6845,6845,2503,8,4334,1135,1135,1400.0,drop,p=0,0.0,4
4,map_blind,EKF cooperative,3,True,0.38171999019241487,0.25274547616805865,0.16575879518899084,1.0002533867948675,1.5620784384585555,0.2592689529884652,0.2284823484787052,69972,28,6845,6845,2503,8,4334,1277,1277,1400.0,drop,p=0,0.0,4
4,map_blind,EKF cooperative,4,True,0.462920576102017,0.371708634823685,0.3020256647573044,0.9830615245685613,1.2668947241241157,0.19015136957446135,0.08580986464943315,69972,28,6845,6845,2503,8,4334,756,756,1400.0,drop,p=0,0.0,4
4,map_blind,EKF cooperative,5,True,0.3731507640306691,0.2820396939359607,0.22952944298287645,0.6715051225374217,2.1842951007049787,0.29895552745211496,0.039724763269487665,69972,28,6845,6845,2503,8,4334,2336,2336,1400.0,drop,p=0,0.0,4
4,map_blind,EKF cooperative,1,False,0.0785956973370109,0.0650017332874922,0.06277028523325133,0.12962434859348934,0.3722338918158485,0.05981543406827246,0.053101772035968664,69972,28,5095,6845,2014,6,3075,1003,1341,1400.0,drop,p=0.25,0.25,0
4,map_blind,EKF cooperative,2,False,0.09104118188121733,0.07530813779155632,0.06718592042655086,0.1701893056899974,0.40323267551584907,0.05582680357478612,0.04514348190251282,69972,28,5095,6845,2014,6,3075,852,1135,1400.0,drop,p=0.25,0.25,0
4,map_blind,EKF cooperative,3,True,0.38998716047538184,0.2590047790273602,0.16962693431654358,0.9703539416621895,1.6428450450363106,0.2733451411172894,0.2570567904956516,69972,28,5095,6845,2014,6,3075,946,1277,1400.0,drop,p=0.25,0.25,0
4,map_blind,EKF cooperative,4,True,0.44465422640632407,0.3588505730841292,0.2968457423063365,0.9236669131509494,1.1233886607899737,0.19046684276019094,0.05806380835793783,69972,28,5095,6845,2014,6,3075,545,756,1400.0,drop,p=0.25,0.25,0
4,map_blind,EKF cooperative,5,True,0.3608372804914973,0.27391871566313264,0.21890798751958673,0.6063085850913889,2.057752060465186,0.2896822922227341,0.05611439559504213,69972,28,5095,6845,2014,6,3075,1749,2336,1400.0,drop,p=0.25,0.25,0
4,map_blind,EKF cooperative,1,False,0.0786509606266847,0.06491785660134776,0.06257193393566218,0.13071171022482306,0.3721370135367284,0.059791583282824655,0.053109655429428373,69972,28,5156,6845,2056,7,3093,991,1341,1400.0,drop,p=0.25,0.25,1
4,map_blind,EKF cooperative,2,False,0.09005123088207748,0.07456990683814856,0.06702765385359896,0.16483964992761305,0.4032362739648913,0.05600554347081701,0.04514348742633186,69972,28,5156,6845,2056,7,3093,849,1135,1400.0,drop,p=0.25,0.25,1
4,map_blind,EKF cooperative,3,True,0.3816765372456394,0.2594873411703375,0.16816804104718208,0.9741062994990266,1.479769494914427,0.264235372653798,0.22576438870961785,69972,28,5156,6845,2056,7,3093,960,1277,1400.0,drop,p=0.25,0.25,1
4,map_blind,EKF cooperative,4,True,0.4266466349001157,0.3481507061034936,0.2982970657171907,0.8804003828416395,1.2290225412532259,0.17595653780259277,0.06716170439510939,69972,28,5156,6845,2056,7,3093,586,756,1400.0,drop,p=0.25,0.25,1
4,map_blind,EKF cooperative,5,True,0.36924835020032637,0.2751289521241207,0.21759232909323617,0.6660012384055255,2.150277544420505,0.29556514923960375,0.04408180246851555,69972,28,5156,6845,2056,7,3093,1770,2336,1400.0,drop,p=0.25,0.25,1
4,map_blind,EKF cooperative,1,False,0.07870129219193873,0.06500652773187075,0.06262429295302313,0.13035653937529723,0.37213508705712506,0.059869225786384116,0.05321208086323012,69972,28,5096,6845,2002,7,3087,1009,1341,1400.0,drop,p=0.25,0.25,2
4,map_blind,EKF cooperative,2,False,0.0900751802083042,0.0746553317186947,0.0671305371282228,0.16530401187601215,0.40322785380708026,0.05554800244479628,0.04514309224643118,69972,28,5096,6845,2002,7,3087,844,1135,1400.0,drop,p=0.25,0.25,2
4,map_blind,EKF cooperative,3,True,0.3776138107659407,0.25861021994976213,0.1762459667245178,0.9300331479201327,1.5394072600797062,0.26354158883718204,0.28984651005416917,69972,28,5096,6845,2002,7,3087,932,1277,1400.0,drop,p=0.25,0.25,2
4,map_blind,EKF cooperative,4,True,0.4143585284087061,0.3308778945937364,0.23614688450811044,0.9072817828959597,1.0748920571594722,0.1908618977882232,0.07571657541828034,69972,28,5096,6845,2002,7,3087,572,756,1400.0,drop,p=0.25,0.25,2
4,map_blind,EKF cooperative,5,True,0.3626367303984557,0.270152048654958,0.21862597624182384,0.6482508686451219,2.152435960339149,0.29824528491870506,0.05996233067893196,69972,28,5096,6845,2002,7,3087,1739,2336,1400.0,drop,p=0.25,0.25,2
4,map_blind,EKF cooperative,1,False,0.07873836151022749,0.06510283887156647,0.06283459718671958,0.13141418488856876,0.37223913439903245,0.05981096693277735,0.053354437513111336,69972,28,5077,6845,2011,3,3063,1018,1341,1400.0,drop,p=0.25,0.25,3
4,map_blind,EKF cooperative,2,False,0.09004601435019201,0.07461898877668821,0.06691928772515601,0.16603304622017456,0.40293000070773205,0.05571598557474863,0.04514240776866359,69972,28,5077,6845,2011,3,3063,833,1135,1400.0,drop,p=0.25,0.25,3
4,map_blind,EKF cooperative,3,True,0.36596562745299976,0.2448799351019992,0.16188749534902627,0.9553357991108495,1.47020297947521,0.25157454911584837,0.31107546315534196,69972,28,5077,6845,2011,3,3063,955,1277,1400.0,drop,p=0.25,0.25,3
4,map_blind,EKF cooperative,4,True,0.4445351834170377,0.3602107050712832,0.2910797696450361,0.9339163312439615,1.0846148892672036,0.20089880693530285,0.09462713199808653,69972,28,5077,6845,2011,3,3063,555,756,1400.0,drop,p=0.25,0.25,3
4,map_blind,EKF cooperative,5,True,0.36171201635389144,0.2766547277940271,0.22390278537047476,0.5913933022861707,2.023924446370376,0.2848394666564019,0.05919071397477912,69972,28,5077,6845,2011,3,3063,1716,2336,1400.0,drop,p=0.25,0.25,3
4,map_blind,EKF cooperative,1,False,0.07872080460155759,0.06496010798024547,0.06261980318744428,0.13111191482365944,0.3724169440519508,0.05989379389718066,0.0532341078043521,69972,28,5138,6845,1991,6,3141,997,1341,1400.0,drop,p=0.25,0.25,4
4,map_blind,EKF cooperative,2,False,0.09074012627306231,0.07502776682723543,0.06693532977933739,0.16924032144838846,0.40323332668448214,0.055682310974482646,0.04514224970664557,69972,28,5138,6845,1991,6,3141,869,1135,1400.0,drop,p=0.25,0.25,4
4,map_blind,EKF cooperative,3,True,0.40641240238295423,0.2711158577996526,0.17360513097947713,1.0249308978088831,1.6123800359936034,0.2729762973417801,0.29585334335694025,69972,28,5138,6845,1991,6,3141,949,1277,1400.0,drop,p=0.25,0.25,4
4,map_blind,EKF cooperative,4,True,0.4325207809965993,0.3567047426501591,0.30499975226633447,0.9072607916207034,1.2319082614992585,0.18426168681779242,0.06696600425562498,69972,28,5138,6845,1991,6,3141,556,756,1400.0,drop,p=0.25,0.25,4
4,map_blind,EKF cooperative,5,True,0.35791728171210885,0.27451681930459204,0.22476496431304932,0.5805662639473156,2.0308836164054482,0.28380070946203995,0.04752082424843092,69972,28,5138,6845,1991,6,3141,1767,2336,1400.0,drop,p=0.25,0.25,4
4,map_blind,EKF cooperative,1,False,0.07904717954027453,0.06520853246689344,0.06266206882072775,0.13391346966222867,0.37265255389343976,0.06011304833498246,0.05338572784212764,69972,28,3399,6845,1466,2,1931,663,1341,1400.0,drop,p=0.5,0.5,0
4,map_blind,EKF cooperative,2,False,0.09076883766146765,0.07492441963841383,0.06655942899709086,0.16998670160800042,0.40410963009857787,0.05577028876810992,0.04514204375826437,69972,28,3399,6845,1466,2,1931,557,1135,1400.0,drop,p=0.5,0.5,0
4,map_blind,EKF cooperative,3,True,0.3946214073781922,0.2656871906411946,0.17119966285059146,0.9695194947698819,1.6455647402307734,0.27804198838173394,0.2971905544777424,69972,28,3399,6845,1466,2,1931,662,1277,1400.0,drop,p=0.5,0.5,0
4,map_blind,EKF cooperative,4,True,0.4565285519701215,0.36914599025049494,0.29315535497702483,0.9078520575171969,1.2103155062436393,0.20471666811861736,0.014307623342697747,69972,28,3399,6845,1466,2,1931,375,756,1400.0,drop,p=0.5,0.5,0
4,map_blind,EKF cooperative,5,True,0.3715001268527387,0.27243720162723234,0.19394133064537206,0.6502079220095587,2.1357339258871324,0.2954812550596842,0.05524371257615046,69972,28,3399,6845,1466,2,1931,1142,2336,1400.0,drop,p=0.5,0.5,0
4,map_blind,EKF cooperative,1,False,0.07881765904216928,0.06497708031475072,0.06266312433710527,0.1328920925733307,0.3722645842630241,0.05987957698596765,0.053393248562513936,69972,28,3471,6845,1483,3,1985,675,1341,1400.0,drop,p=0.5,0.5,1
4,map_blind,EKF cooperative,2,False,0.0904288886376053,0.07438499624552009,0.06553226576867605,0.16926654886944056,0.40323298928084916,0.05627105410181702,0.045136178521632216,69972,28,3471,6845,1483,3,1985,588,1135,1400.0,drop,p=0.5,0.5,1
4,map_blind,EKF cooperative,3,True,0.40079743358123443,0.27582258158516587,0.18784646789257464,0.9972850854248098,1.5584178908965671,0.27634025499340215,0.2529207327491092,69972,28,3471,6845,1483,3,1985,639,1277,1400.0,drop,p=0.5,0.5,1
4,map_blind,EKF cooperative,4,True,0.41429438761067183,0.3309994607685522,0.24190100472221684,0.8970589818691828,1.278441471182586,0.186301460657842,0.09313899385828821,69972,28,3471,6845,1483,3,1985,401,756,1400.0,drop,p=0.5,0.5,1
4,map_blind,EKF cooperative,5,True,0.40016976481997213,0.28152956918650646,0.20095406471696178,0.7178381763674607,2.483361858366155,0.31823768920156714,0.05709229595375635,69972,28,3471,6845,1483,3,1985,1168,2336,1400.0,drop,p=0.5,0.5,1
4,map_blind,EKF cooperative,1,False,0.07880279943131009,0.06499064351762904,0.06262035999768378,0.13163231149901947,0.372247622694096,0.05992863106458545,0.05321178087533158,69972,28,3415,6845,1458,5,1952,669,1341,1400.0,drop,p=0.5,0.5,2
4,map_blind,EKF cooperative,2,False,0.0904428529881439,0.07464788886120373,0.06616128141699434,0.16794925904474967,0.40410963009857787,0.0556840624689484,0.04514022530878065,69972,28,3415,6845,1458,5,1952,575,1135,1400.0,drop,p=0.5,0.5,2
4,map_blind,EKF cooperative,3,True,0.40501036623208087,0.2948714355389356,0.20392246272276193,0.9545632554156835,1.418443762731473,0.29692734030779955,0.3699156564881323,69972,28,3415,6845,1458,5,1952,604,1277,1400.0,drop,p=0.5,0.5,2
4,map_blind,EKF cooperative,4,True,0.46342533890984156,0.3594823978254091,0.28109963215107014,0.9172331994494207,1.6435616500939179,0.1977176858953356,0.047028820586977896,69972,28,3415,6845,1458,5,1952,388,756,1400.0,drop,p=0.5,0.5,2
4,map_blind,EKF cooperative,5,True,0.42081506269208346,0.29438893244427483,0.21150785638367647,0.7682997711216415,2.61462579734016,0.32665498587852243,0.07557286501732571,69972,28,3415,6845,1458,5,1952,1179,2336,1400.0,drop,p=0.5,0.5,2
4,map_blind,EKF cooperative,1,False,0.07859011029795401,0.06489001496028095,0.06283750059499518,0.13059035028819685,0.3722301622519808,0.0598490563560307,0.05348654121710804,69972,28,3380,6845,1439,2,1939,684,1341,1400.0,drop,p=0.5,0.5,3
4,map_blind,EKF cooperative,2,False,0.08991035669823846,0.07433324739015036,0.06622399472514583,0.16546530033626797,0.4029141359795745,0.05624239960777836,0.04514022617972722,69972,28,3380,6845,1439,2,1939,531,1135,1400.0,drop,p=0.5,0.5,3
4,map_blind,EKF cooperative,3,True,0.3945371192601094,0.2765584172002221,0.17459046081001703,0.9430003689755219,1.6115709035779688,0.2728122872203616,0.33718950132080583,69972,28,3380,6845,1439,2,1939,643,1277,1400.0,drop,p=0.5,0.5,3
4,map_blind,EKF cooperative,4,True,0.4223269460058296,0.3480384449623692,0.28566807202559097,0.7391663796126444,1.0288548279872576,0.20011698913701237,0.09263982029483223,69972,28,3380,6845,1439,2,1939,361,756,1400.0,drop,p=0.5,0.5,3
4,map_blind,EKF cooperative,5,True,0.4079625024558362,0.2867774148282381,0.21967401847353962,0.6820482155143042,2.6494279457430583,0.3132772919882815,0.05771615467900025,69972,28,3380,6845,1439,2,1939,1161,2336,1400.0,drop,p=0.5,0.5,3
4,map_blind,EKF cooperative,1,False,0.07879781393647056,0.06498357532284092,0.06258629101997298,0.13326120663676888,0.37225688849238797,0.059861946945825265,0.053505222770244214,69972,28,3428,6845,1456,3,1969,665,1341,1400.0,drop,p=0.5,0.5,4
4,map_blind,EKF cooperative,2,False,0.09067666192230314,0.07476961862254533,0.06616439785203247,0.17058847549092127,0.4032319358629801,0.0562658765319941,0.045140528953028704,69972,28,3428,6845,1456,3,1969,564,1135,1400.0,drop,p=0.5,0.5,4
4,map_blind,EKF cooperative,3,True,0.41855694672004173,0.2881299581104426,0.1807947295278391,0.9909188836524404,1.626720658264594,0.27708032845815467,0.2799041869524014,69972,28,3428,6845,1456,3,1969,637,1277,1400.0,drop,p=0.5,0.5,4
4,map_blind,EKF cooperative,4,True,0.43296689909714114,0.35291492616594916,0.2545725286452448,0.8884948961996281,1.2401270500894621,0.18999318991377573,0.04739798711972724,69972,28,3428,6845,1456,3,1969,375,756,1400.0,drop,p=0.5,0.5,4
4,map_blind,EKF cooperative,5,True,0.3981858753425518,0.2796176329231635,0.21676747525411616,0.7175598364573051,2.565001801539735,0.31084555025701177,0.04822378413762278,69972,28,3428,6845,1456,3,1969,1187,2336,1400.0,drop,p=0.5,0.5,4
4,map_blind,EKF cooperative,1,False,0.07935444950822408,0.06534587393465367,0.06268750496030882,0.1395562714942034,0.3725954978369413,0.06015778533759743,0.05341323387275326,69972,28,1710,6845,831,0,879,353,1341,1400.0,drop,p=0.75,0.75,0
4,map_blind,EKF cooperative,2,False,0.09119111112052014,0.0749206927980446,0.06553175994703675,0.17178969673860742,0.40410963009857787,0.05576329702318396,0.0451382252230018,69972,28,1710,6845,831,0,879,283,1135,1400.0,drop,p=0.75,0.75,0
4,map_blind,EKF cooperative,3,True,0.4376800227179285,0.3139173352092589,0.20988861742888973,1.0095242452346944,1.556434766270225,0.29362713627771647,0.37001998904377775,69972,28,1710,6845,831,0,879,335,1277,1400.0,drop,p=0.75,0.75,0
4,map_blind,EKF cooperative,4,True,0.48120542584667836,0.38575014716468625,0.3198300640781009,1.0155682335542753,1.3649698413432345,0.20879605395900522,0.020654920485802263,69972,28,1710,6845,831,0,879,189,756,1400.0,drop,p=0.75,0.75,0
4,map_blind,EKF cooperative,5,True,0.38153785383576083,0.2621483375457829,0.17407232381344584,0.6613376876412039,2.471114236963481,0.30511796539134955,0.017820775574674156,69972,28,1710,6845,831,0,879,550,2336,1400.0,drop,p=0.75,0.75,0
4,map_blind,EKF cooperative,1,False,0.07923311858056813,0.06521390274204862,0.06262489723384208,0.13959653017237472,0.37207512456135966,0.059999944213046746,0.053609456890558106,69972,28,1761,6845,885,2,874,349,1341,1400.0,drop,p=0.75,0.75,1
4,map_blind,EKF cooperative,2,False,0.0910859051484626,0.07493714078601411,0.06595176216101531,0.16985624198370292,0.40322991221014876,0.05669569412543504,0.04513617398441864,69972,28,1761,6845,885,2,874,294,1135,1400.0,drop,p=0.75,0.75,1
4,map_blind,EKF cooperative,3,True,0.4066397951464029,0.284145164674245,0.2014063003256965,0.9389977149710763,1.745855950885005,0.30213489526988124,0.3199452990090486,69972,28,1761,6845,885,2,874,304,1277,1400.0,drop,p=0.75,0.75,1
4,map_blind,EKF cooperative,4,True,0.37841930650262157,0.31456030013330416,0.23682534909915004,0.7367104012458439,1.0495022187737884,0.198358923623428,0.11168278527405333,69972,28,1761,6845,885,2,874,198,756,1400.0,drop,p=0.75,0.75,1
4,map_blind,EKF cooperative,5,True,0.3771166968692135,0.27294344523082337,0.19172467568073448,0.69084306365248,2.196691550964986,0.2998663048692328,0.08253273304757017,69972,28,1761,6845,885,2,874,616,2336,1400.0,drop,p=0.75,0.75,1
4,map_blind,EKF cooperative,1,False,0.07875903465803662,0.06489071780791937,0.0624880806142696,0.1316282614259818,0.3728120574005592,0.060129348713388986,0.05334782824934898,69972,28,1760,6845,845,2,913,348,1341,1400.0,drop,p=0.75,0.75,2
4,map_blind,EKF cooperative,2,False,0.0904114778027843,0.07441388957121438,0.06550589428931848,0.16813558021317357,0.40410963009857787,0.055908961071658936,0.04513572641992003,69972,28,1760,6845,845,2,913,312,1135,1400.0,drop,p=0.75,0.75,2
4,map_blind,EKF cooperative,3,True,0.4747229123103723,0.33700164323431314,0.22433264472018127,0.9711533640334259,1.9519704299653924,0.3505709326507596,0.45775571852168667,69972,28,1760,6845,845,2,913,299,1277,1400.0,drop,p=0.75,0.75,2
4,map_blind,EKF cooperative,4,True,0.5029359730692534,0.38812064042749134,0.3081658558430318,0.970730022769845,1.678446470231446,0.232918817737838,0.026242608452685785,69972,28,1760,6845,845,2,913,195,756,1400.0,drop,p=0.75,0.75,2
4,map_blind,EKF cooperative,5,True,0.4200156422640279,0.28847210090172226,0.1956723371798642,0.7382695251430255,2.509086431812665,0.3199707231768559,0.12144654222721926,69972,28,1760,6845,845,2,913,606,2336,1400.0,drop,p=0.75,0.75,2
4,map_blind,EKF cooperative,1,False,0.07885680691050137,0.0650296151527758,0.06267559249220479,0.13282458915679088,0.3726669429392755,0.06012444464713968,0.05359462902230902,69972,28,1693,6845,778,1,914,360,1341,1400.0,drop,p=0.75,0.75,3
4,map_blind,EKF cooperative,2,False,0.09083984795573308,0.07460670002819125,0.06522485696844847,0.1715624410017496,0.4025885810491471,0.05713816762830665,0.045136171324421034,69972,28,1693,6845,778,1,914,265,1135,1400.0,drop,p=0.75,0.75,3
4,map_blind,EKF cooperative,3,True,0.36627422668161974,0.2559014629567623,0.17482541370829524,0.8071705108629307,1.607233164881179,0.2708916321667191,0.41287187060188135,69972,28,1693,6845,778,1,914,314,1277,1400.0,drop,p=0.75,0.75,3
4,map_blind,EKF cooperative,4,True,0.3701577466988858,0.3101943965842188,0.25261582029195107,0.7136033391825237,0.8201493549206813,0.2053589302710009,0.1300045935238122,69972,28,1693,6845,778,1,914,172,756,1400.0,drop,p=0.75,0.75,3
4,map_blind,EKF cooperative,5,True,0.3923321999574645,0.2644228683191644,0.17306259210842687,0.6848568677231442,2.6111201443701884,0.3119738418033304,0.1053750341256835,69972,28,1693,6845,778,1,914,582,2336,1400.0,drop,p=0.75,0.75,3
4,map_blind,EKF cooperative,1,False,0.07907038502270575,0.06520792040792645,0.06266771786597256,0.13593096687630343,0.3731207673492971,0.06012787008355292,0.05405420027119204,69972,28,1740,6845,857,2,881,339,1341,1400.0,drop,p=0.75,0.75,4
4,map_blind,EKF cooperative,2,False,0.09093529188757465,0.07478689867366331,0.06558220124112768,0.1706417633362685,0.4032264912389119,0.05617745984206148,0.04513616444507378,69972,28,1740,6845,857,2,881,270,1135,1400.0,drop,p=0.75,0.75,4
4,map_blind,EKF cooperative,3,True,0.40397677071798366,0.2988392938611671,0.22624802796787286,0.9778785708575549,1.3155008587858175,0.271960115915757,0.40465547495320947,69972,28,1740,6845,857,2,881,354,1277,1400.0,drop,p=0.75,0.75,4
4,map_blind,EKF cooperative,4,True,0.40238265985152205,0.33682422310152516,0.260803522017536,0.7402015292755498,1.0174000901818705,0.19954428614950484,0.10455420533671748,69972,28,1740,6845,857,2,881,180,756,1400.0,drop,p=0.75,0.75,4
4,map_blind,EKF cooperative,5,True,0.38251110850335196,0.26824309370084526,0.19778356385758633,0.6867301198580765,2.4033957441348233,0.3086901164414693,0.06416776979987626,69972,28,1740,6845,857,2,881,597,2336,1400.0,drop,p=0.75,0.75,4
4,map_blind,EKF cooperative,1,False,0.07942242067575701,0.06531176553167899,0.0626792914216943,0.13993782047056805,0.3731217499452825,0.060520819941485116,0.05399486230879256,69972,28,654,6845,357,0,297,126,1341,1400.0,drop,p=0.9,0.9,0
4,map_blind,EKF cooperative,2,False,0.0914164089893406,0.07503254037093914,0.06543969530814134,0.1715707017900914,0.40410963009857787,0.055874531014650494,0.04513616939709574,69972,28,654,6845,357,0,297,102,1135,1400.0,drop,p=0.9,0.9,0
4,map_blind,EKF cooperative,3,True,0.44880264579756457,0.349409573759221,0.2599919911451387,0.9968900728979541,1.306014629106051,0.3000267956830645,0.3841416496189596,69972,28,654,6845,357,0,297,137,1277,1400.0,drop,p=0.9,0.9,0
4,map_blind,EKF cooperative,4,True,0.3840449741224528,0.3152210026811453,0.25638598765092213,0.711872260064367,1.1413648673861359,0.21352703414362292,0.25574450157397066,69972,28,654,6845,357,0,297,77,756,1400.0,drop,p=0.9,0.9,0
4,map_blind,EKF cooperative,5,True,0.5114283744323075,0.3201676349363632,0.19718815685313643,1.1238306083978937,2.843248833336196,0.39603359717186315,0.07320563712502515,69972,28,654,6845,357,0,297,212,2336,1400.0,drop,p=0.9,0.9,0
4,map_blind,EKF cooperative,1,False,0.0794906598640957,0.06540549468215802,0.06267279851888971,0.13991184244270505,0.3733269827052874,0.06040670118353345,0.05372926151322934,69972,28,711,6845,377,1,333,135,1341,1400.0,drop,p=0.9,0.9,1
4,map_blind,EKF cooperative,2,False,0.09126551718117694,0.07507845309330269,0.06589958693661307,0.16915005745342124,0.40410963009857787,0.05667869271321408,0.045136170584860386,69972,28,711,6845,377,1,333,115,1135,1400.0,drop,p=0.9,0.9,1
4,map_blind,EKF cooperative,3,True,0.4518612825453454,0.3156056166697997,0.2085576110712422,0.961683244361814,1.8985023777495367,0.3417362611921237,0.6042694568287712,69972,28,711,6845,377,1,333,130,1277,1400.0,drop,p=0.9,0.9,1
4,map_blind,EKF cooperative,4,True,0.3340478091111893,0.276291833289812,0.2308783841863264,0.6113575424350957,0.9713670656210768,0.2181896185448217,0.20197358124079062,69972,28,711,6845,377,1,333,81,756,1400.0,drop,p=0.9,0.9,1
4,map_blind,EKF cooperative,5,True,0.5544339267306221,0.36509317541408287,0.22344014089208308,1.2191483160722327,2.6017618432502827,0.37943327440319874,0.1504160374599072,69972,28,711,6845,377,1,333,250,2336,1400.0,drop,p=0.9,0.9,1
4,map_blind,EKF cooperative,1,False,0.079076448563194,0.065090078571358,0.06260933557000972,0.1368761755689201,0.3727441843679991,0.06020552978363337,0.054255585664778,69972,28,704,6845,356,0,348,130,1341,1400.0,drop,p=0.9,0.9,2
4,map_blind,EKF cooperative,2,False,0.09167285501536426,0.07527363535379698,0.06579284740394334,0.17179585409268167,0.40410963009857787,0.05642425201228074,0.04513593802635726,69972,28,704,6845,356,0,348,136,1135,1400.0,drop,p=0.9,0.9,2
4,map_blind,EKF cooperative,3,True,0.5362170553583139,0.3748653469584845,0.24074543295763126,1.2220849053924927,2.0282534054023933,0.3886642677736267,0.6560918269460687,69972,28,704,6845,356,0,348,120,1277,1400.0,drop,p=0.9,0.9,2
4,map_blind,EKF cooperative,4,True,0.47599689973408477,0.3685456517630752,0.2910453187301294,1.012112259824321,1.6646697881674164,0.26710626670680404,0.2145011864272041,69972,28,704,6845,356,0,348,85,756,1400.0,drop,p=0.9,0.9,2
4,map_blind,EKF cooperative,5,True,0.4107852813917774,0.2794604038633787,0.18343245480097856,0.6282683829709834,2.5038733580868815,0.3174972022150245,0.15813985929841617,69972,28,704,6845,356,0,348,233,2336,1400.0,drop,p=0.9,0.9,2
4,map_blind,EKF cooperative,1,False,0.07935704928656917,0.0652894421070501,0.0627433302980012,0.1394260051879994,0.3737688460236325,0.0605663319942481,0.05417082003544977,69972,28,697,6845,369,0,328,146,1341,1400.0,drop,p=0.9,0.9,3
4,map_blind,EKF cooperative,2,False,0.091027968628316,0.07472415896990917,0.06514831542215353,0.17148973212043891,0.4032177347048627,0.057035057033109855,0.04513617127655648,69972,28,697,6845,369,0,328,104,1135,1400.0,drop,p=0.9,0.9,3
4,map_blind,EKF cooperative,3,True,0.47079151990790097,0.35002112463908924,0.24669416334833683,1.0815602302072256,1.6506746041919949,0.3376659245313169,0.6951564728046348,69972,28,697,6845,369,0,328,133,1277,1400.0,drop,p=0.9,0.9,3
4,map_blind,EKF cooperative,4,True,0.42410552154895853,0.36085630468846686,0.32122436328483084,0.7913230145290621,1.043932204392212,0.2519731642499482,0.1275824618891494,69972,28,697,6845,369,0,328,76,756,1400.0,drop,p=0.9,0.9,3
4,map_blind,EKF cooperative,5,True,0.5518028177188982,0.3439997661329936,0.19876098220331295,1.2813766602783716,2.6264484829541326,0.37989969999747725,0.097379042821391,69972,28,697,6845,369,0,328,238,2336,1400.0,drop,p=0.9,0.9,3
4,map_blind,EKF cooperative,1,False,0.07939926656872394,0.06538540958724098,0.06272976566992339,0.13926792705244506,0.3737718790331633,0.060521792553042936,0.054525285099389136,69972,28,707,6845,378,1,328,134,1341,1400.0,drop,p=0.9,0.9,4
4,map_blind,EKF cooperative,2,False,0.09151362465010245,0.07521056051510809,0.06571686415647911,0.17182102015389064,0.40410963009857787,0.05628577440346457,0.04513616896743174,69972,28,707,6845,378,1,328,110,1135,1400.0,drop,p=0.9,0.9,4
4,map_blind,EKF cooperative,3,True,0.4419907921362108,0.3297464586528657,0.2255232783121796,0.9984944439146215,1.4366381542881295,0.3212589925578387,0.28473569671021953,69972,28,707,6845,378,1,328,144,1277,1400.0,drop,p=0.9,0.9,4
4,map_blind,EKF cooperative,4,True,0.5038137061524204,0.4187837495427965,0.33478595390847055,1.0024115705838323,1.184337596234269,0.2595926060145274,0.14707100216579602,69972,28,707,6845,378,1,328,69,756,1400.0,drop,p=0.9,0.9,4
4,map_blind,EKF cooperative,5,True,0.49611261276781626,0.32585280682168954,0.19304593117224045,1.1598441216634077,2.575883389937892,0.3740813996336685,0.09984725790545909,69972,28,707,6845,378,1,328,250,2336,1400.0,drop,p=0.9,0.9,4
4,map_blind,EKF cooperative,1,False,0.07954156025888386,0.06539374441213376,0.0627028933673579,0.13997927396907964,0.3737720402379662,0.06061175005554812,0.054637487542550545,69972,28,0,6845,0,0,0,0,1341,1400.0,drop,p=1,1.0,0
4,map_blind,EKF cooperative,2,False,0.09198949714118038,0.07546619455819643,0.06586803621696219,0.17329278950791768,0.40410963009857787,0.05651317757580648,0.04513616713969845,69972,28,0,6845,0,0,0,0,1135,1400.0,drop,p=1,1.0,0
4,map_blind,EKF cooperative,3,True,4.61714333872428,4.153761622341565,4.574420689440969,7.244612677186549,7.624057010441142,1.578139720010141,6.241507108182815,69972,28,0,6845,0,0,0,0,1277,1400.0,drop,p=1,1.0,0
4,map_blind,EKF cooperative,4,True,2.7942068553666997,2.3784676091113166,2.175240004996365,5.5372070071434925,7.293104671440567,1.4102061236762313,7.290528655363707,69972,28,0,6845,0,0,0,0,756,1400.0,drop,p=1,1.0,0
4,map_blind,EKF cooperative,5,True,2.2669287513766867,1.926062290386791,2.1722668168882593,3.8717906079891837,3.952793782615865,0.6200209252225017,3.412593007269155,69972,28,0,6845,0,0,0,0,2336,1400.0,drop,p=1,1.0,0
4,map_blind,EKF cooperative,1,False,0.07954156025888386,0.06539374441213376,0.0627028933673579,0.13997927396907964,0.3737720402379662,0.06061175005554812,0.054637487542550545,69972,28,0,6845,0,0,0,0,1341,1400.0,drop,p=1,1.0,1
4,map_blind,EKF cooperative,2,False,0.09198949714118038,0.07546619455819643,0.06586803621696219,0.17329278950791768,0.40410963009857787,0.05651317757580648,0.04513616713969845,69972,28,0,6845,0,0,0,0,1135,1400.0,drop,p=1,1.0,1
4,map_blind,EKF cooperative,3,True,4.61714333872428,4.153761622341565,4.574420689440969,7.244612677186549,7.624057010441142,1.578139720010141,6.241507108182815,69972,28,0,6845,0,0,0,0,1277,1400.0,drop,p=1,1.0,1
4,map_blind,EKF cooperative,4,True,2.7942068553666997,2.3784676091113166,2.175240004996365,5.5372070071434925,7.293104671440567,1.4102061236762313,7.290528655363707,69972,28,0,6845,0,0,0,0,756,1400.0,drop,p=1,1.0,1
4,map_blind,EKF cooperative,5,True,2.2669287513766867,1.926062290386791,2.1722668168882593,3.8717906079891837,3.952793782615865,0.6200209252225017,3.412593007269155,69972,28,0,6845,0,0,0,0,2336,1400.0,drop,p=1,1.0,1
4,map_blind,EKF cooperative,1,False,0.07954156025888386,0.06539374441213376,0.0627028933673579,0.13997927396907964,0.3737720402379662,0.06061175005554812,0.054637487542550545,69972,28,0,6845,0,0,0,0,1341,1400.0,drop,p=1,1.0,2
4,map_blind,EKF cooperative,2,False,0.09198949714118038,0.07546619455819643,0.06586803621696219,0.17329278950791768,0.40410963009857787,0.05651317757580648,0.04513616713969845,69972,28,0,6845,0,0,0,0,1135,1400.0,drop,p=1,1.0,2
4,map_blind,EKF cooperative,3,True,4.61714333872428,4.153761622341565,4.574420689440969,7.244612677186549,7.624057010441142,1.578139720010141,6.241507108182815,69972,28,0,6845,0,0,0,0,1277,1400.0,drop,p=1,1.0,2
4,map_blind,EKF cooperative,4,True,2.7942068553666997,2.3784676091113166,2.175240004996365,5.5372070071434925,7.293104671440567,1.4102061236762313,7.290528655363707,69972,28,0,6845,0,0,0,0,756,1400.0,drop,p=1,1.0,2
4,map_blind,EKF cooperative,5,True,2.2669287513766867,1.926062290386791,2.1722668168882593,3.8717906079891837,3.952793782615865,0.6200209252225017,3.412593007269155,69972,28,0,6845,0,0,0,0,2336,1400.0,drop,p=1,1.0,2
4,map_blind,EKF cooperative,1,False,0.07954156025888386,0.06539374441213376,0.0627028933673579,0.13997927396907964,0.3737720402379662,0.06061175005554812,0.054637487542550545,69972,28,0,6845,0,0,0,0,1341,1400.0,drop,p=1,1.0,3
4,map_blind,EKF cooperative,2,False,0.09198949714118038,0.07546619455819643,0.06586803621696219,0.17329278950791768,0.40410963009857787,0.05651317757580648,0.04513616713969845,69972,28,0,6845,0,0,0,0,1135,1400.0,drop,p=1,1.0,3
4,map_blind,EKF cooperative,3,True,4.61714333872428,4.153761622341565,4.574420689440969,7.244612677186549,7.624057010441142,1.578139720010141,6.241507108182815,69972,28,0,6845,0,0,0,0,1277,1400.0,drop,p=1,1.0,3
4,map_blind,EKF cooperative,4,True,2.7942068553666997,2.3784676091113166,2.175240004996365,5.5372070071434925,7.293104671440567,1.4102061236762313,7.290528655363707,69972,28,0,6845,0,0,0,0,756,1400.0,drop,p=1,1.0,3
4,map_blind,EKF cooperative,5,True,2.2669287513766867,1.926062290386791,2.1722668168882593,3.8717906079891837,3.952793782615865,0.6200209252225017,3.412593007269155,69972,28,0,6845,0,0,0,0,2336,1400.0,drop,p=1,1.0,3
4,map_blind,EKF cooperative,1,False,0.07954156025888386,0.06539374441213376,0.0627028933673579,0.13997927396907964,0.3737720402379662,0.06061175005554812,0.054637487542550545,69972,28,0,6845,0,0,0,0,1341,1400.0,drop,p=1,1.0,4
4,map_blind,EKF cooperative,2,False,0.09198949714118038,0.07546619455819643,0.06586803621696219,0.17329278950791768,0.40410963009857787,0.05651317757580648,0.04513616713969845,69972,28,0,6845,0,0,0,0,1135,1400.0,drop,p=1,1.0,4
4,map_blind,EKF cooperative,3,True,4.61714333872428,4.153761622341565,4.574420689440969,7.244612677186549,7.624057010441142,1.578139720010141,6.241507108182815,69972,28,0,6845,0,0,0,0,1277,1400.0,drop,p=1,1.0,4
4,map_blind,EKF cooperative,4,True,2.7942068553666997,2.3784676091113166,2.175240004996365,5.5372070071434925,7.293104671440567,1.4102061236762313,7.290528655363707,69972,28,0,6845,0,0,0,0,756,1400.0,drop,p=1,1.0,4
4,map_blind,EKF cooperative,5,True,2.2669287513766867,1.926062290386791,2.1722668168882593,3.8717906079891837,3.952793782615865,0.6200209252225017,3.412593007269155,69972,28,0,6845,0,0,0,0,2336,1400.0,drop,p=1,1.0,4
